Rk_x,Player,Age,Team,Pos,G,GS,MP_x,FG,FGA,FG%,3P,3PA,3P%,2P,2PA,2P%,eFG%,FT,FTA,FT%,ORB,DRB,TRB,AST,STL,BLK,TOV,PF,PTS,Awards,PER,TS%,3PAr,FTr,ORB%,DRB%,TRB%,AST%,STL%,BLK%,TOV%,USG%,OWS,DWS,WS,WS/48,OBPM,DBPM,BPM,VORP,Season,Experience,NumOfAwards,All-Star,AwardWinner,FirstTeam,SecondTeam,ThirdTeam,DefTeam1,DefTeam2,Salary,Guaranteed,2024-25_contract_year,Next_Year_Salary,Next_Year_Guaranteed
276.0,A.J. Green,25.0,MIL,SG,73.0,7.0,22.7,2.5,5.8,0.429,2.1,5.0,0.427,0.4,0.8,0.443,0.612,0.3,0.4,0.815,0.2,2.1,2.4,1.5,0.5,0.1,0.5,2.2,7.4,,9.2,0.621,0.856,0.064,1.2,9.8,5.7,8.5,1.1,0.4,8.4,12.6,1.6,1.3,2.8,0.082,-1.7,-0.4,-2.2,-0.1,2025,3,0,0,0,0,0,0,0,0,2120693,2120693,0,2301587,0
271.0,AJ Johnson,20.0,WAS,SG,29.0,11.0,22.0,2.8,7.3,0.385,0.8,3.1,0.267,2.0,4.2,0.472,0.441,1.1,1.3,0.865,0.3,1.8,2.0,2.6,0.4,0.1,1.2,1.7,7.6,,7.1,0.48,0.423,0.174,1.3,8.3,4.8,17.1,0.9,0.4,13.2,17.4,-0.5,0.0,-0.4,-0.032,-5.6,-2.5,-8.1,-1.0,2025,1,0,0,0,0,0,0,0,0,2795294,5885774,0,3090480,3090480
98.0,Aaron Gordon,29.0,DEN,PF,51.0,42.0,28.4,5.2,9.7,0.531,1.5,3.4,0.436,3.7,6.4,0.582,0.607,2.8,3.5,0.81,1.6,3.3,4.8,3.2,0.5,0.3,1.4,1.6,14.7,,17.0,0.65,0.346,0.36,6.4,12.1,9.4,15.0,0.8,0.9,11.3,19.0,3.6,0.7,4.3,0.143,2.7,-1.5,1.2,1.2,2025,11,0,0,0,0,0,0,0,0,22841455,112197227,0,22841455,89355772
146.0,Aaron Nesmith,25.0,IND,SF,45.0,37.0,25.0,4.3,8.4,0.507,1.9,4.3,0.431,2.4,4.1,0.587,0.617,1.6,1.8,0.913,0.8,3.1,4.0,1.2,0.8,0.4,0.8,2.5,12.0,,14.6,0.653,0.515,0.211,3.7,13.9,8.8,6.6,1.5,1.4,8.2,17.4,1.9,1.0,2.9,0.126,0.0,-0.5,-0.5,0.4,2025,5,0,0,0,0,0,0,0,0,11000000,33000000,0,11000000,22000000
147.0,Aaron Wiggins,26.0,OKC,SG,76.0,26.0,22.9,4.7,9.6,0.488,1.7,4.5,0.383,3.0,5.1,0.578,0.577,1.0,1.2,0.831,1.1,2.8,3.9,1.8,0.8,0.2,0.9,1.3,12.0,,16.1,0.596,0.466,0.122,5.1,12.9,9.1,10.6,1.7,1.0,8.3,20.3,2.7,2.7,5.4,0.148,1.3,-0.2,1.1,1.4,2025,4,0,0,0,0,0,0,0,0,10514017,45000000,0,9672897,34485983
355.0,Adem Bona,21.0,PHI,C,58.0,11.0,15.6,2.3,3.3,0.703,0.0,0.0,0.0,2.3,3.3,0.707,0.703,1.2,1.7,0.67,1.6,2.6,4.2,0.5,0.4,1.2,1.1,2.2,5.8,,16.5,0.714,0.005,0.521,11.1,19.9,15.3,4.4,1.4,7.5,20.5,14.3,1.4,0.9,2.3,0.121,-2.9,0.2,-2.7,-0.2,2025,1,0,0,0,0,0,0,0,0,1157153,1157153,0,1955377,0
294.0,Alex Caruso,30.0,OKC,SG,54.0,3.0,19.3,2.6,5.8,0.446,1.1,3.1,0.353,1.5,2.7,0.556,0.541,0.8,0.9,0.824,0.7,2.2,2.9,2.5,1.6,0.6,0.7,1.9,7.1,6MOY-8,15.9,0.568,0.541,0.162,4.0,12.2,8.2,16.6,4.0,2.9,9.9,15.2,1.6,2.3,3.9,0.18,0.1,3.9,4.0,1.6,2025,8,1,0,0,0,0,0,0,0,9890000,90986960,0,18102000,81096960
125.0,Alex Sarr,19.0,WAS,C,67.0,67.0,27.1,4.9,12.4,0.394,1.6,5.1,0.308,3.3,7.3,0.454,0.457,1.7,2.5,0.679,1.9,4.6,6.5,2.4,0.7,1.5,1.7,2.2,13.0,ROY-4,12.9,0.482,0.412,0.199,7.1,17.9,12.5,13.9,1.2,5.0,11.2,23.5,-1.6,1.3,-0.3,-0.007,-2.2,-1.0,-3.3,-0.6,2025,1,1,0,0,0,0,0,0,0,11245680,23053920,0,11808240,11808240
56.0,Alperen Şengün,22.0,HOU,C,76.0,76.0,31.5,7.5,15.0,0.496,0.3,1.2,0.233,7.2,13.9,0.519,0.505,3.9,5.6,0.692,3.4,6.9,10.3,4.9,1.1,0.8,2.6,2.8,19.1,AS,21.4,0.545,0.079,0.374,11.4,23.8,17.5,24.1,1.7,2.3,12.7,26.2,4.1,4.2,8.3,0.166,2.6,1.8,4.4,3.9,2025,4,1,1,0,0,0,0,0,0,5424654,151387957,0,33944954,145963303
110.0,Amen Thompson,22.0,HOU,SF,69.0,42.0,32.2,5.6,10.1,0.557,0.4,1.3,0.275,5.3,8.8,0.599,0.575,2.4,3.6,0.684,2.8,5.4,8.2,3.8,1.4,1.3,2.0,2.4,14.1,"DPOY-5,DEF1",18.7,0.602,0.131,0.354,9.0,18.2,13.5,16.9,2.1,3.6,14.6,17.5,4.1,3.9,8.0,0.172,1.4,2.6,4.1,3.4,2025,2,2,0,0,0,0,0,1,0,9249960,18940560,0,9690600,9690600
282.0,Andre Drummond,31.0,PHI,C,40.0,23.0,18.8,2.9,5.9,0.5,0.1,0.5,0.15,2.9,5.4,0.533,0.506,1.4,2.3,0.622,2.7,5.0,7.8,0.9,1.0,0.5,1.4,2.4,7.3,,16.0,0.535,0.085,0.385,15.8,31.6,23.4,6.8,2.6,2.4,16.7,19.1,0.2,1.0,1.2,0.078,-2.4,-0.8,-3.2,-0.2,2025,13,0,0,0,0,0,0,0,0,5000000,5000000,0,5000000,5000000
456.0,Andre Jackson Jr.,23.0,MIL,SG,67.0,43.0,14.6,1.4,2.9,0.477,0.4,1.1,0.395,1.0,1.8,0.529,0.553,0.2,0.4,0.5,1.0,1.7,2.7,1.2,0.5,0.2,0.9,1.7,3.4,,8.6,0.554,0.386,0.122,7.5,12.5,10.1,10.9,1.7,1.3,21.8,11.9,0.1,1.0,1.2,0.059,-3.6,0.2,-3.4,-0.3,2025,2,0,0,0,0,0,0,0,0,1891857,1891857,0,2221677,0
191.0,Andrew Nembhard,25.0,IND,SG,65.0,65.0,28.9,3.8,8.3,0.458,0.8,2.7,0.291,3.0,5.6,0.538,0.506,1.7,2.1,0.794,0.5,2.8,3.3,5.0,1.2,0.2,1.7,2.3,10.0,,11.7,0.545,0.325,0.252,2.0,10.7,6.4,22.5,2.0,0.5,15.8,16.3,1.1,1.7,2.8,0.071,-2.6,0.3,-2.3,-0.1,2025,3,0,0,0,0,0,0,0,0,2019699,60670179,0,18102000,58650480
69.0,Andrew Wiggins,29.0,MIA,SF,60.0,60.0,30.7,6.3,14.0,0.448,2.2,5.8,0.374,4.1,8.2,0.501,0.526,3.3,4.3,0.763,1.5,3.0,4.5,2.6,1.0,0.8,1.7,1.7,18.0,,16.4,0.566,0.415,0.306,5.1,10.8,7.9,13.5,1.6,2.6,9.4,24.5,1.9,2.1,4.0,0.104,1.2,-0.3,0.9,1.4,2025,11,0,0,0,0,0,0,0,0,26276786,54500001,0,28223215,28223215
53.0,Anfernee Simons,25.0,POR,SG,70.0,70.0,32.7,6.8,16.1,0.426,3.1,8.5,0.363,3.8,7.6,0.496,0.521,2.5,2.8,0.902,0.4,2.3,2.7,4.8,0.9,0.1,2.0,1.7,19.3,,14.9,0.557,0.527,0.172,1.2,8.0,4.5,23.3,1.3,0.2,10.6,24.6,2.9,1.2,4.2,0.087,1.5,-1.5,-0.1,1.1,2025,7,0,0,0,0,0,0,0,0,25892857,53571428,0,27678571,27678571
208.0,Anthony Black,21.0,ORL,PG,78.0,10.0,24.2,3.4,7.9,0.423,0.8,2.5,0.318,2.6,5.4,0.471,0.473,1.9,2.5,0.761,0.7,2.3,2.9,3.1,1.1,0.6,1.8,2.1,9.4,,11.6,0.521,0.315,0.318,3.0,11.4,7.0,19.4,2.3,2.4,16.4,19.6,-0.6,3.0,2.4,0.061,-3.1,1.2,-1.9,0.0,2025,2,0,0,0,0,0,0,0,0,7607760,15578040,0,7970280,7970280
15.0,Anthony Davis,31.0,DAL,C,51.0,51.0,33.5,9.2,17.8,0.516,0.7,2.4,0.282,8.5,15.4,0.553,0.536,5.6,7.2,0.775,2.6,8.9,11.6,3.5,1.2,2.2,2.2,1.9,24.7,AS,26.3,0.588,0.136,0.405,9.1,29.1,19.4,18.3,1.7,6.0,9.5,30.4,3.7,3.0,6.7,0.188,3.9,1.5,5.4,3.2,2025,13,1,1,0,0,0,0,0,0,43219440,155802456,0,54126450,112583016
5.0,Anthony Edwards,23.0,MIN,SG,79.0,79.0,36.3,9.1,20.4,0.447,4.1,10.3,0.395,5.1,10.1,0.501,0.547,5.3,6.3,0.837,0.8,4.9,5.7,4.5,1.2,0.6,3.2,1.9,27.6,"MVP-7,CPOY-3,AS,NBA2",20.1,0.595,0.503,0.308,2.4,14.8,8.7,20.9,1.6,1.7,12.0,31.4,4.6,3.8,8.4,0.14,4.4,0.0,4.3,4.6,2025,5,4,1,0,0,1,0,0,0,42176400,244623120,0,45550512,202446720
507.0,Ariel Hukporti,22.0,NYK,C,25.0,1.0,8.7,0.8,1.2,0.677,0.0,0.0,,0.8,1.2,0.677,0.677,0.2,0.5,0.462,0.6,1.5,2.0,0.4,0.0,0.6,0.8,1.3,1.9,,7.6,0.654,0.0,0.419,7.5,19.4,13.5,6.4,0.2,6.4,36.4,11.6,-0.2,0.3,0.1,0.02,-6.5,0.9,-5.6,-0.2,2025,1,0,0,0,0,0,0,0,0,1064049,1064049,0,1955377,1955377
189.0,Ausar Thompson,22.0,DET,SF,59.0,48.0,22.5,4.2,7.8,0.535,0.2,0.8,0.224,4.0,7.0,0.572,0.547,1.5,2.4,0.641,1.9,3.3,5.1,2.3,1.7,0.7,1.4,2.8,10.1,,17.2,0.568,0.107,0.309,9.3,15.9,12.6,14.4,3.5,2.9,13.3,19.1,1.5,2.4,3.8,0.138,-0.8,2.5,1.7,1.2,2025,2,0,0,0,0,0,0,0,0,8376000,17151000,0,8775000,8775000
49.0,Austin Reaves,26.0,LAL,SG,73.0,73.0,34.9,6.5,14.2,0.46,2.7,7.3,0.377,3.8,6.9,0.547,0.556,4.4,5.0,0.877,0.8,3.7,4.5,5.8,1.1,0.3,2.4,2.1,20.2,,18.1,0.616,0.512,0.353,2.8,11.5,7.3,24.9,1.6,0.8,12.9,23.7,5.6,2.1,7.6,0.144,2.4,-0.5,1.9,2.6,2025,4,0,0,0,0,0,0,0,0,12976362,26913936,0,13937574,13937574
138.0,Ayo Dosunmu,25.0,CHI,SG,46.0,26.0,30.3,4.8,9.8,0.492,1.3,4.1,0.328,3.5,5.7,0.612,0.561,1.3,1.7,0.785,0.6,2.9,3.5,4.5,0.9,0.4,1.5,2.3,12.3,,12.8,0.585,0.421,0.176,2.0,10.0,6.1,20.2,1.4,1.1,12.5,16.6,1.6,1.0,2.5,0.087,-1.4,-0.2,-1.6,0.1,2025,4,0,0,0,0,0,0,0,0,7000000,14518518,0,7518518,7518518
68.0,Bam Adebayo,27.0,MIA,C,78.0,78.0,34.3,6.9,14.3,0.485,1.0,2.8,0.357,5.9,11.4,0.517,0.521,3.2,4.2,0.765,2.4,7.2,9.6,4.3,1.3,0.7,2.1,2.1,18.1,DPOY-10,18.9,0.561,0.199,0.295,7.7,23.1,15.5,20.0,1.8,1.9,11.4,23.5,3.5,4.0,7.5,0.135,1.0,1.0,2.0,2.7,2025,8,1,0,0,0,0,0,0,0,34848340,173269456,0,37096620,138421116
446.0,Baylor Scheierman,24.0,BOS,SG,31.0,2.0,12.4,1.3,3.5,0.355,0.8,2.6,0.317,0.4,0.9,0.464,0.473,0.3,0.4,0.75,0.6,1.5,2.1,1.1,0.5,0.1,0.4,0.7,3.6,,10.3,0.49,0.745,0.109,5.4,13.0,9.2,11.3,2.2,0.5,9.4,14.5,0.2,0.5,0.7,0.089,-2.5,0.8,-1.7,0.0,2025,1,0,0,0,0,0,0,0,0,2494320,10191353,0,2619000,7697033
372.0,Ben Sheppard,23.0,IND,SG,63.0,9.0,19.5,1.9,4.6,0.418,1.1,3.2,0.342,0.8,1.4,0.591,0.537,0.4,0.4,0.889,0.7,2.1,2.8,1.3,0.6,0.2,0.3,2.0,5.3,,9.2,0.555,0.693,0.094,4.0,12.0,8.0,8.6,1.5,1.0,6.9,11.3,1.0,1.0,2.1,0.081,-2.2,0.2,-2.0,0.0,2025,2,0,0,0,0,0,0,0,0,2663880,5454600,0,2790720,2790720
88.0,Bennedict Mathurin,22.0,IND,SF,72.0,49.0,29.8,5.4,11.8,0.458,1.4,4.0,0.34,4.1,7.8,0.519,0.516,3.8,4.6,0.831,1.2,4.1,5.3,1.9,0.7,0.3,1.9,2.3,16.1,,13.6,0.579,0.338,0.389,4.6,15.2,9.9,8.8,1.1,1.0,11.9,22.8,1.3,1.8,3.0,0.068,-1.3,-1.5,-2.9,-0.5,2025,3,0,0,0,0,0,0,0,0,7245720,16433293,0,9187573,9187573
137.0,Bilal Coulibaly,20.0,WAS,SF,59.0,59.0,33.0,4.5,10.6,0.421,1.1,3.8,0.281,3.4,6.8,0.5,0.472,2.3,3.1,0.746,1.5,3.4,5.0,3.4,1.3,0.7,2.1,2.4,12.3,,10.8,0.515,0.359,0.296,4.8,10.9,7.8,14.9,1.9,1.9,15.1,17.9,-0.6,0.9,0.3,0.008,-3.0,-0.7,-3.7,-0.8,2025,2,0,0,0,0,0,0,0,0,6945240,14220840,0,7275600,7275600
444.0,Blake Wesley,21.0,SAS,SG,58.0,0.0,11.8,1.4,3.2,0.435,0.3,1.0,0.293,1.1,2.2,0.5,0.481,0.7,1.1,0.623,0.3,0.8,1.1,2.0,0.6,0.1,0.9,0.8,3.7,,9.9,0.51,0.312,0.328,2.7,6.9,4.8,22.3,2.6,0.8,20.2,16.7,-0.3,0.4,0.2,0.011,-3.9,-0.3,-4.2,-0.4,2025,3,0,0,0,0,0,0,0,0,2624280,7350608,0,4726328,4726328
508.0,Bobi Klintman,21.0,DET,SF,8.0,0.0,5.3,0.8,1.3,0.6,0.3,0.6,0.4,0.5,0.6,0.8,0.7,0.1,0.3,0.5,0.1,0.8,0.9,0.9,0.3,0.1,0.1,1.0,1.9,,15.9,0.689,0.5,0.2,2.7,15.7,9.2,22.5,2.3,2.3,8.4,11.9,0.1,0.1,0.2,0.208,-1.0,1.9,1.0,0.0,2025,1,0,0,0,0,0,0,0,0,1257153,3212530,0,1955377,1955377
165.0,Bogdan Bogdanović,32.0,LAC,SG,54.0,4.0,25.0,3.9,9.1,0.427,1.9,5.4,0.363,1.9,3.8,0.517,0.534,1.1,1.2,0.879,0.4,2.5,2.9,2.7,0.8,0.2,1.4,2.4,10.8,,11.1,0.559,0.587,0.134,2.0,11.2,6.6,15.2,1.5,0.8,12.4,18.7,0.7,1.2,1.9,0.069,-1.8,-0.2,-2.0,0.0,2025,8,0,0,0,0,0,0,0,0,17260000,33280000,0,16020000,16020000
78.0,Bradley Beal,31.0,PHO,SG,53.0,38.0,32.1,6.5,13.1,0.497,1.9,5.0,0.386,4.6,8.1,0.565,0.571,2.1,2.6,0.803,0.6,2.7,3.3,3.7,1.1,0.5,1.9,2.6,17.0,,15.2,0.598,0.38,0.197,2.3,9.1,5.8,17.6,1.7,1.5,11.6,22.1,1.9,0.6,2.4,0.068,-0.1,-1.0,-1.1,0.4,2025,13,0,0,0,0,0,0,0,0,50203930,103870200,0,53666270,53666270
151.0,Brandin Podziemski,21.0,GSW,SG,64.0,33.0,26.8,4.4,9.8,0.445,1.8,4.8,0.372,2.6,5.0,0.516,0.537,1.1,1.5,0.758,1.0,4.1,5.1,3.4,1.1,0.2,1.2,1.5,11.7,,14.4,0.557,0.491,0.151,4.0,16.8,10.2,18.7,2.0,0.7,10.1,18.3,1.9,2.3,4.2,0.117,-0.1,0.8,0.7,1.2,2025,2,0,0,0,0,0,0,0,0,3519960,7207920,0,3687960,3687960
256.0,Brandon Clarke,28.0,MEM,PF,64.0,18.0,18.9,3.7,5.9,0.621,0.0,0.3,0.059,3.7,5.7,0.647,0.622,1.0,1.4,0.701,2.0,3.1,5.1,1.0,0.8,0.6,0.6,2.3,8.3,,17.6,0.638,0.045,0.229,11.3,17.3,14.3,7.4,2.0,2.7,8.9,15.3,2.7,1.7,4.4,0.174,0.0,0.8,0.8,0.9,2025,6,0,0,0,0,0,0,0,0,12500000,37500000,0,12500000,25000000
34.0,Brandon Ingram,27.0,NOP,SF,18.0,18.0,33.1,8.6,18.5,0.465,2.4,6.4,0.374,6.2,12.1,0.514,0.53,2.6,3.1,0.855,0.9,4.6,5.6,5.2,0.9,0.6,3.8,2.5,22.2,,16.0,0.56,0.345,0.165,3.0,15.5,9.1,26.8,1.3,1.8,16.2,30.2,-0.2,0.2,0.0,0.001,1.4,-1.7,-0.3,0.3,2025,9,0,0,0,0,0,0,0,0,36016200,114111438,0,38095238,78095238
44.0,Brandon Miller,22.0,CHO,SF,27.0,27.0,34.2,7.3,18.2,0.403,3.9,10.9,0.355,3.5,7.3,0.475,0.509,2.5,2.9,0.861,0.9,3.9,4.9,3.6,1.1,0.7,2.8,2.7,21.0,,14.0,0.54,0.597,0.161,2.8,12.5,7.6,18.3,1.5,2.1,12.6,27.7,-0.2,0.7,0.4,0.023,0.8,-0.8,0.0,0.4,2025,2,0,0,0,0,0,0,0,0,11424600,23393400,0,11968800,11968800
164.0,Brice Sensabaugh,21.0,UTA,SF,71.0,15.0,20.2,3.9,8.4,0.459,2.2,5.2,0.422,1.7,3.2,0.52,0.59,0.9,1.0,0.89,0.6,2.4,3.0,1.5,0.6,0.1,1.5,1.6,10.9,,13.4,0.612,0.621,0.122,3.2,12.6,7.9,12.0,1.5,0.5,14.5,21.5,0.9,0.3,1.2,0.042,0.4,-1.6,-1.2,0.3,2025,2,0,0,0,0,0,0,0,0,2571480,5265240,0,2693760,2693760
491.0,Bronny James,20.0,LAL,SG,27.0,1.0,6.7,0.8,2.5,0.313,0.3,1.2,0.281,0.4,1.3,0.343,0.381,0.4,0.5,0.786,0.1,0.5,0.7,0.8,0.3,0.1,0.5,0.5,2.3,,7.1,0.424,0.478,0.209,2.6,8.5,5.6,16.5,2.4,1.6,15.1,20.9,-0.3,0.2,-0.2,-0.043,-5.9,-1.3,-7.2,-0.2,2025,1,0,0,0,0,0,0,0,0,1157153,3112530,0,1955377,1955377
198.0,Bub Carrington,19.0,WAS,PG,82.0,57.0,30.0,3.7,9.1,0.401,1.7,5.0,0.339,2.0,4.2,0.475,0.493,0.8,1.0,0.812,0.4,3.8,4.2,4.4,0.7,0.3,1.7,2.3,9.8,,9.0,0.514,0.544,0.114,1.4,13.1,7.2,21.2,1.0,0.8,15.2,15.8,-0.4,0.6,0.2,0.005,-3.3,-1.3,-4.6,-1.6,2025,1,0,0,0,0,0,0,0,0,4454880,9132480,0,4677600,4677600
156.0,Buddy Hield,32.0,GSW,SG,82.0,22.0,22.7,4.0,9.6,0.417,2.5,6.7,0.37,1.5,2.9,0.527,0.546,0.6,0.8,0.828,0.6,2.6,3.2,1.6,0.8,0.3,1.1,1.6,11.1,,12.3,0.56,0.698,0.081,2.9,12.7,7.6,10.7,1.8,1.2,10.1,20.5,0.6,2.2,2.8,0.073,-0.7,-0.3,-1.0,0.5,2025,9,0,0,0,0,0,0,0,0,8780488,27658536,0,9219512,18878048
42.0,CJ McCollum,33.0,NOP,PG,56.0,56.0,32.7,7.9,17.9,0.444,3.1,8.2,0.373,4.9,9.7,0.505,0.53,2.2,3.1,0.717,0.8,3.0,3.8,4.1,0.8,0.4,1.9,2.2,21.1,,15.8,0.55,0.459,0.173,2.4,10.3,6.2,20.6,1.2,1.3,9.0,27.2,1.3,0.2,1.5,0.038,1.2,-2.6,-1.4,0.3,2025,12,0,0,0,0,0,0,0,0,33333333,63999999,0,30666666,30666666
9.0,Cade Cunningham,23.0,DET,PG,70.0,70.0,35.0,9.8,20.8,0.469,2.1,6.0,0.356,7.6,14.8,0.515,0.521,4.5,5.3,0.846,0.8,5.3,6.1,9.1,1.0,0.8,4.4,2.8,26.1,"MVP-7,AS,NBA3",20.6,0.565,0.287,0.254,2.5,16.5,9.6,43.0,1.4,2.1,16.0,33.2,3.0,2.9,5.9,0.115,3.8,0.1,3.9,3.7,2025,4,3,1,0,0,0,1,0,0,13940809,238178959,0,38661750,224238150
265.0,Caleb Martin,29.0,DAL,SF,45.0,24.0,27.1,2.9,6.8,0.424,0.8,2.3,0.359,2.0,4.5,0.458,0.485,1.4,2.2,0.622,1.2,2.8,3.9,2.1,1.0,0.5,1.2,1.9,7.9,,9.6,0.513,0.339,0.322,4.8,11.7,8.2,10.7,1.9,1.8,13.9,14.4,0.0,0.7,0.6,0.025,-2.9,-0.2,-3.2,-0.4,2025,6,0,0,0,0,0,0,0,0,9186594,28782131,0,9594044,19595537
534.0,Cam Christie,19.0,LAC,SG,13.0,0.0,4.5,0.5,1.8,0.292,0.2,1.0,0.154,0.4,0.8,0.455,0.333,0.2,0.3,0.5,0.2,0.7,0.9,0.5,0.4,0.1,0.2,0.3,1.4,,9.1,0.349,0.542,0.167,5.8,17.0,11.5,13.7,4.2,1.7,7.2,20.5,-0.1,0.1,0.0,-0.005,-5.5,3.0,-2.5,0.0,2025,1,0,0,0,0,0,0,0,0,1157153,3112530,0,1955377,1955377
211.0,Cam Whitmore,20.0,HOU,SF,51.0,3.0,16.2,3.5,7.9,0.444,1.3,3.6,0.355,2.2,4.3,0.518,0.525,1.1,1.4,0.75,0.7,2.3,3.0,1.0,0.6,0.3,0.9,0.9,9.4,,15.5,0.549,0.454,0.179,4.5,15.1,9.7,8.9,1.8,1.4,9.6,23.9,0.6,1.2,1.8,0.106,0.7,-0.4,0.3,0.5,2025,2,0,0,0,0,0,0,0,0,3379080,6918840,0,3539760,3539760
60.0,Cameron Johnson,28.0,BRK,PF,57.0,57.0,31.6,6.2,13.1,0.475,2.8,7.2,0.39,3.4,5.9,0.578,0.582,3.5,3.9,0.893,0.9,3.4,4.3,3.4,0.9,0.4,1.7,1.8,18.8,,18.2,0.632,0.546,0.301,3.3,12.8,7.8,18.5,1.5,1.4,10.5,22.9,3.8,1.3,5.1,0.137,3.5,-0.4,3.1,2.3,2025,6,0,0,0,0,0,0,0,0,22500000,65543478,0,20543478,43043478
253.0,Cason Wallace,21.0,OKC,SG,68.0,43.0,27.6,3.4,7.2,0.474,1.1,3.1,0.356,2.3,4.1,0.562,0.55,0.4,0.5,0.811,1.0,2.3,3.4,2.5,1.8,0.5,0.9,2.1,8.4,,12.3,0.562,0.425,0.076,4.1,8.8,6.5,11.5,3.1,1.9,10.5,12.8,1.8,3.4,5.2,0.133,-1.5,2.6,1.0,1.5,2025,2,0,0,0,0,0,0,0,0,5555880,11376120,0,5820240,5820240
95.0,Chet Holmgren,22.0,OKC,C,32.0,32.0,27.4,5.2,10.7,0.49,1.4,3.6,0.379,3.8,7.0,0.547,0.554,3.2,4.2,0.754,1.5,6.5,8.0,2.0,0.7,2.2,1.8,2.3,15.0,,19.2,0.599,0.34,0.393,6.0,25.0,15.7,9.7,1.3,8.2,12.3,22.0,1.1,2.0,3.2,0.173,0.5,1.9,2.4,1.0,2025,2,0,0,0,0,0,0,0,0,10880640,24612008,0,13731368,13731368
90.0,Christian Braun,23.0,DEN,SG,79.0,77.0,33.9,6.0,10.4,0.58,1.1,2.8,0.397,4.9,7.6,0.648,0.634,2.2,2.7,0.827,1.2,3.9,5.2,2.6,1.1,0.5,1.0,2.2,15.4,,16.0,0.665,0.273,0.261,4.2,12.2,8.4,10.1,1.5,1.2,8.1,15.8,6.2,1.9,8.0,0.144,0.8,-0.5,0.3,1.6,2025,3,0,0,0,0,0,0,0,0,3089640,8011437,0,4921797,4921797
348.0,Chuma Okeke,26.0,CLE,PF,9.0,3.0,21.8,2.2,4.4,0.5,1.2,3.1,0.393,1.0,1.3,0.75,0.638,0.2,0.3,0.667,2.3,2.9,5.2,1.7,0.6,0.4,0.3,0.6,5.9,,15.3,0.641,0.7,0.075,11.7,15.5,13.5,10.5,1.3,2.0,6.8,9.8,0.5,0.1,0.6,0.145,1.6,-1.8,-0.2,0.1,2025,5,0,0,0,0,0,0,0,0,119972,119972,1,2546675,0
47.0,Coby White,24.0,CHI,SG,74.0,73.0,33.1,6.9,15.1,0.453,2.9,7.9,0.37,3.9,7.3,0.544,0.55,3.7,4.1,0.902,0.3,3.4,3.7,4.5,0.9,0.2,2.4,2.1,20.4,,15.5,0.601,0.521,0.274,1.1,10.4,5.8,19.5,1.3,0.6,12.4,24.4,3.0,1.5,4.5,0.088,0.5,-1.4,-0.9,0.7,2025,6,0,0,0,0,0,0,0,0,12000000,24888889,0,12888889,12888889
394.0,Cody Williams,20.0,UTA,SG,50.0,21.0,21.2,1.7,5.1,0.323,0.7,2.7,0.259,1.0,2.4,0.393,0.391,0.6,0.8,0.725,0.5,1.7,2.3,1.2,0.5,0.3,0.9,1.9,4.6,,3.7,0.419,0.525,0.156,2.8,8.7,5.7,7.4,1.0,1.4,13.8,12.5,-1.2,0.1,-1.2,-0.053,-6.1,-1.2,-7.3,-1.4,2025,1,0,0,0,0,0,0,0,0,5469120,11211600,0,5742480,5742480
207.0,Cole Anthony,24.0,ORL,PG,67.0,22.0,18.4,3.4,8.1,0.424,1.1,3.3,0.353,2.3,4.9,0.471,0.494,1.4,1.7,0.823,0.7,2.4,3.0,2.9,0.7,0.5,1.5,2.3,9.4,,14.2,0.531,0.401,0.208,4.1,15.5,9.5,25.5,1.8,2.5,14.8,24.6,0.0,2.0,2.0,0.078,-0.8,0.9,0.1,0.7,2025,5,0,0,0,0,0,0,0,0,12900000,26000000,0,13100000,13100000
66.0,Collin Sexton,26.0,UTA,SG,63.0,61.0,27.9,6.6,13.8,0.48,1.7,4.3,0.406,4.9,9.5,0.513,0.543,3.4,4.0,0.865,1.0,1.8,2.7,4.2,0.7,0.1,2.5,2.3,18.4,,16.6,0.593,0.313,0.29,3.7,6.8,5.2,25.1,1.3,0.3,14.1,27.0,2.5,-0.1,2.4,0.066,1.7,-2.3,-0.6,0.6,2025,7,0,0,0,0,0,0,0,0,18350000,37525000,0,19175000,19175000
152.0,Corey Kispert,25.0,WAS,SF,61.0,0.0,26.3,4.2,9.3,0.451,2.0,5.4,0.364,2.2,3.9,0.574,0.558,1.2,1.4,0.852,0.6,2.4,3.0,1.7,0.4,0.2,1.0,1.6,11.6,,11.0,0.584,0.584,0.156,2.3,9.5,5.9,9.7,0.8,0.8,9.6,17.5,1.0,0.1,1.1,0.032,-1.4,-2.2,-3.7,-0.7,2025,4,0,0,0,0,0,0,0,0,5705887,46705887,0,13975000,41000000
442.0,Craig Porter Jr.,24.0,CLE,PG,51.0,1.0,10.1,1.4,2.7,0.514,0.4,0.9,0.438,1.0,1.8,0.554,0.589,0.5,0.6,0.719,0.4,0.9,1.3,1.4,0.3,0.3,0.7,0.5,3.7,,13.1,0.61,0.343,0.229,4.1,9.9,7.1,17.7,1.6,2.6,19.8,15.9,0.5,0.6,1.1,0.102,0.1,1.0,1.1,0.4,2025,2,0,0,0,0,0,0,0,0,1891857,1891857,0,2221677,0
311.0,DaQuan Jeffries,27.0,CHO,SG,47.0,20.0,22.8,2.5,6.2,0.405,1.2,3.5,0.335,1.3,2.7,0.496,0.5,0.5,0.6,0.8,0.8,2.1,2.9,1.1,0.6,0.5,0.7,2.1,6.7,,7.9,0.518,0.564,0.103,3.6,10.0,6.7,7.2,1.2,2.3,10.3,13.5,0.0,0.6,0.6,0.027,-4.0,-0.7,-4.7,-0.7,2025,6,0,0,0,0,0,0,0,0,2425404,2425404,0,2743776,0
399.0,Dalen Terry,22.0,CHI,SG,73.0,5.0,13.5,1.6,3.7,0.448,0.5,1.4,0.356,1.1,2.2,0.506,0.517,0.7,0.9,0.71,0.5,1.2,1.7,1.3,0.6,0.2,0.7,1.6,4.5,,9.6,0.546,0.388,0.257,4.1,9.0,6.6,12.7,2.1,1.3,15.1,14.9,0.2,0.8,1.1,0.052,-4.0,0.2,-3.8,-0.5,2025,3,0,0,0,0,0,0,0,0,3510480,8909598,0,5399118,5399118
217.0,Dalton Knecht,23.0,LAL,SF,78.0,16.0,19.2,3.3,7.1,0.461,1.6,4.4,0.376,1.7,2.8,0.594,0.576,0.8,1.1,0.762,0.5,2.3,2.8,0.8,0.3,0.1,0.5,1.2,9.1,,12.7,0.594,0.61,0.151,2.9,13.1,8.1,6.5,0.8,0.5,5.9,18.5,1.7,1.0,2.7,0.086,-0.1,-1.7,-1.8,0.1,2025,1,0,0,0,0,0,0,0,0,3819120,7829280,0,4010160,4010160
14.0,Damian Lillard,34.0,MIL,PG,58.0,58.0,36.1,7.7,17.1,0.448,3.4,9.0,0.376,4.3,8.1,0.528,0.547,6.2,6.8,0.921,0.5,4.2,4.7,7.1,1.2,0.2,2.8,1.7,24.9,AS,21.3,0.621,0.528,0.396,1.6,12.1,7.1,29.7,1.6,0.4,12.2,27.8,5.6,2.0,7.6,0.175,4.7,-0.6,4.0,3.2,2025,13,1,1,0,0,0,0,0,0,48787676,102914126,0,54126450,54126450
139.0,Daniel Gafford,26.0,DAL,C,57.0,31.0,21.5,5.0,7.1,0.702,0.0,0.0,,5.0,7.1,0.702,0.702,2.4,3.4,0.689,2.7,4.1,6.8,1.4,0.4,1.8,1.2,2.7,12.3,,24.7,0.716,0.0,0.486,14.1,20.3,17.2,10.2,0.9,7.1,11.9,19.5,4.4,1.5,5.9,0.232,2.7,1.1,3.8,1.8,2025,6,0,0,0,0,0,0,0,0,13394160,27780480,0,14386320,14386320
453.0,Dario Šarić,30.0,DEN,C,16.0,4.0,13.1,1.3,3.6,0.362,0.4,1.6,0.269,0.9,2.0,0.438,0.422,0.4,0.6,0.7,0.9,2.3,3.1,1.4,0.4,0.1,0.9,1.2,3.5,,7.7,0.449,0.448,0.172,7.7,17.9,13.1,13.1,1.6,0.4,19.4,15.6,-0.2,0.2,0.0,0.001,-4.4,-0.4,-4.8,-0.1,2025,9,0,0,0,0,0,0,0,0,5168000,5168000,0,5426400,5426400
359.0,Dariq Whitehead,20.0,BRK,SF,20.0,0.0,12.3,2.0,4.8,0.406,1.7,3.7,0.446,0.3,1.1,0.273,0.578,0.2,0.3,0.6,0.2,1.3,1.5,0.6,0.3,0.1,0.8,1.1,5.7,,9.4,0.58,0.771,0.052,1.8,12.1,6.7,7.8,1.2,0.4,13.3,20.1,-0.1,0.1,0.1,0.01,-1.5,-2.2,-3.7,-0.1,2025,2,0,0,0,0,0,0,0,0,3114240,6376800,0,3262560,3262560
45.0,Darius Garland,25.0,CLE,PG,75.0,75.0,30.7,7.4,15.7,0.472,2.8,7.1,0.401,4.6,8.6,0.53,0.562,3.0,3.4,0.878,0.6,2.2,2.9,6.7,1.2,0.1,2.5,1.9,20.6,"CPOY-6,AS",19.9,0.6,0.451,0.217,2.3,7.6,5.0,32.2,1.9,0.4,12.8,27.2,5.8,2.3,8.1,0.169,3.9,-0.8,3.1,3.0,2025,6,2,1,0,0,0,0,0,0,36725670,163225200,0,39446090,126499530
28.0,De'Aaron Fox,27.0,SAS,PG,62.0,62.0,36.1,8.7,18.8,0.463,1.9,6.1,0.31,6.8,12.6,0.538,0.514,4.2,5.1,0.827,0.9,3.9,4.8,6.3,1.5,0.4,2.8,2.6,23.5,,18.3,0.56,0.328,0.273,2.7,12.1,7.4,27.2,2.0,1.1,11.8,28.3,2.6,1.7,4.3,0.093,1.3,-1.0,0.4,1.3,2025,8,0,0,0,0,0,0,0,0,34848340,71944960,0,37096620,37096620
77.0,De'Andre Hunter,27.0,CLE,SF,64.0,9.0,27.2,5.6,11.9,0.47,2.5,6.1,0.405,3.1,5.8,0.537,0.573,3.4,4.0,0.846,0.7,3.3,4.0,1.4,0.8,0.2,1.3,2.4,17.0,6MOY-4,15.9,0.623,0.509,0.333,2.7,13.4,8.1,7.5,1.4,0.7,8.6,22.8,3.0,1.4,4.4,0.122,1.2,-0.8,0.4,1.0,2025,6,1,0,0,0,0,0,0,0,21696429,69910714,0,23303571,48214285
33.0,DeMar DeRozan,35.0,SAC,SF,77.0,77.0,35.9,8.1,17.0,0.477,1.1,3.3,0.328,7.0,13.7,0.513,0.509,4.9,5.7,0.857,0.6,3.2,3.9,4.4,0.8,0.4,1.4,1.9,22.2,,17.7,0.569,0.196,0.337,2.0,10.1,6.0,18.7,1.1,1.1,6.5,25.0,5.7,1.4,7.1,0.123,1.2,-1.2,-0.1,1.3,2025,16,0,0,0,0,0,0,0,0,23400000,47970000,0,24570000,24570000
366.0,Dean Wade,28.0,CLE,PF,59.0,30.0,21.2,1.9,4.6,0.413,1.4,3.8,0.36,0.5,0.8,0.653,0.561,0.3,0.5,0.533,0.9,3.4,4.2,1.3,0.7,0.3,0.4,1.7,5.4,,10.1,0.563,0.819,0.111,4.5,16.6,10.8,7.3,1.6,1.4,7.2,10.4,1.3,1.7,3.0,0.113,-1.0,1.2,0.3,0.7,2025,6,0,0,0,0,0,0,0,0,6166667,6166667,0,6623456,0
103.0,Deandre Ayton,26.0,POR,C,40.0,40.0,30.2,6.6,11.7,0.566,0.2,0.8,0.188,6.5,10.9,0.594,0.573,1.0,1.5,0.667,3.1,7.1,10.2,1.6,0.8,1.0,1.7,2.2,14.4,,17.7,0.583,0.068,0.128,10.9,26.0,18.2,8.5,1.2,2.9,12.2,19.4,1.2,1.6,2.8,0.113,-0.3,-0.4,-0.7,0.4,2025,7,0,0,0,0,0,0,0,0,34005126,69555940,0,35550814,35550814
74.0,Dejounte Murray,28.0,NOP,PG,31.0,31.0,32.6,6.3,15.9,0.393,1.7,5.6,0.299,4.6,10.3,0.444,0.445,3.3,4.0,0.823,0.5,5.9,6.5,7.4,2.0,0.4,3.4,2.0,17.5,,15.4,0.494,0.352,0.251,1.8,20.1,10.7,34.6,3.0,1.1,16.2,27.3,-0.7,0.9,0.2,0.009,-1.3,-0.3,-1.6,0.1,2025,9,0,0,0,0,0,0,0,0,29517135,94671310,0,31557103,65154175
79.0,Deni Avdija,24.0,POR,SF,72.0,54.0,30.0,5.6,11.7,0.476,1.7,4.8,0.365,3.8,7.0,0.552,0.55,4.0,5.2,0.78,1.5,5.7,7.3,3.9,1.0,0.5,2.7,2.4,16.9,,17.7,0.605,0.405,0.441,5.4,21.2,13.1,19.9,1.6,1.5,16.3,23.2,3.1,2.5,5.6,0.124,1.5,0.6,2.1,2.2,2025,5,0,0,0,0,0,0,0,0,15625000,55000000,0,14375000,39375000
244.0,Dereck Lively II,20.0,DAL,C,36.0,29.0,23.1,3.7,5.3,0.702,0.0,0.0,,3.7,5.3,0.702,0.702,1.3,2.0,0.63,2.9,4.6,7.5,2.4,0.6,1.6,1.1,2.8,8.7,,20.1,0.704,0.0,0.382,13.9,21.3,17.7,14.3,1.2,5.7,15.5,13.6,2.4,1.0,3.4,0.199,1.1,2.2,3.3,1.1,2025,2,0,0,0,0,0,0,0,0,5014560,10267920,0,5253360,5253360
188.0,Derrick Jones Jr.,27.0,LAC,SF,77.0,55.0,24.3,4.0,7.6,0.526,1.0,2.8,0.356,3.0,4.8,0.627,0.593,1.1,1.5,0.703,1.2,2.2,3.4,0.8,1.0,0.4,0.9,2.0,10.1,,13.5,0.609,0.372,0.2,5.7,10.1,8.0,4.6,2.1,1.7,9.3,16.5,2.1,2.6,4.7,0.12,-1.0,0.7,-0.3,0.8,2025,9,0,0,0,0,0,0,0,0,9523810,30000000,0,10000000,20476190
82.0,Derrick White,30.0,BOS,SG,76.0,76.0,33.9,5.6,12.6,0.442,3.5,9.1,0.384,2.1,3.5,0.593,0.58,1.8,2.1,0.839,0.9,3.6,4.5,4.8,0.9,1.1,1.7,1.8,16.4,DPOY-10,16.6,0.606,0.721,0.168,2.8,11.5,7.2,20.2,1.4,2.9,11.3,19.8,5.1,3.4,8.5,0.158,2.7,0.8,3.5,3.6,2025,8,1,0,0,0,0,0,0,0,20071429,111115429,0,28100000,91044000
54.0,Desmond Bane,26.0,MEM,SG,69.0,68.0,32.0,7.1,14.8,0.484,2.4,6.1,0.392,4.8,8.7,0.548,0.565,2.6,2.9,0.894,0.9,5.2,6.1,5.3,1.2,0.4,2.4,2.4,19.2,,17.9,0.6,0.411,0.194,3.0,16.9,10.0,23.6,1.7,1.2,13.3,23.3,4.0,2.6,6.5,0.142,2.6,0.6,3.2,2.9,2025,5,0,0,0,0,0,0,0,0,34005250,197230450,0,36725670,163225200
12.0,Devin Booker,28.0,PHO,SG,75.0,75.0,37.3,8.7,18.9,0.461,2.4,7.3,0.332,6.3,11.6,0.542,0.525,5.8,6.4,0.894,1.0,3.1,4.1,7.1,0.9,0.2,2.9,2.6,25.6,,19.3,0.589,0.388,0.34,3.1,8.9,6.1,30.6,1.2,0.5,11.9,29.3,6.1,0.3,6.4,0.111,2.8,-2.4,0.4,1.7,2025,10,0,0,0,0,0,0,0,0,49205800,220441984,0,53142264,171236184
437.0,Devin Carter,22.0,SAC,PG,36.0,0.0,11.0,1.3,3.5,0.37,0.5,1.7,0.295,0.8,1.8,0.439,0.441,0.7,1.2,0.591,0.5,1.6,2.1,1.1,0.6,0.1,0.5,1.1,3.8,,10.8,0.471,0.48,0.346,5.4,16.2,10.8,13.5,2.6,1.0,11.0,17.9,-0.1,0.4,0.4,0.043,-3.5,0.3,-3.2,-0.1,2025,1,0,0,0,0,0,0,0,0,4689000,9612720,0,4923720,4923720
84.0,Devin Vassell,24.0,SAS,SG,64.0,53.0,31.0,6.2,13.9,0.443,2.5,6.7,0.368,3.7,7.2,0.513,0.532,1.5,1.9,0.792,0.5,3.5,4.0,2.9,1.3,0.5,1.4,1.7,16.3,,14.2,0.553,0.483,0.135,1.8,12.0,6.9,13.8,2.0,1.5,8.5,22.1,0.9,1.3,2.2,0.054,-0.3,-0.8,-1.1,0.4,2025,5,0,0,0,0,0,0,0,0,29347826,135000000,0,27000000,105652174
112.0,Dillon Brooks,29.0,HOU,SF,75.0,75.0,31.8,5.1,11.9,0.429,2.5,6.3,0.397,2.6,5.7,0.465,0.533,1.3,1.6,0.818,1.0,2.7,3.7,1.7,0.8,0.2,1.0,3.2,14.0,,11.0,0.555,0.524,0.135,3.3,9.1,6.1,7.4,1.2,0.6,7.4,17.7,2.7,2.5,5.1,0.103,-1.4,0.0,-1.4,0.4,2025,8,0,0,0,0,0,0,0,0,22255493,63372330,0,21124110,41116837
485.0,Dillon Jones,23.0,OKC,SF,54.0,3.0,10.2,0.9,2.5,0.383,0.3,1.2,0.254,0.6,1.3,0.5,0.444,0.3,0.5,0.607,0.6,1.7,2.2,1.1,0.3,0.1,0.5,1.0,2.5,,8.1,0.464,0.474,0.211,6.0,17.3,11.8,12.6,1.4,0.7,16.2,13.3,-0.1,0.9,0.8,0.067,-4.3,0.3,-4.0,-0.3,2025,1,0,0,0,0,0,0,0,0,2622360,5375640,0,2753280,2753280
55.0,Domantas Sabonis,28.0,SAC,C,70.0,70.0,34.7,7.5,12.8,0.59,0.9,2.2,0.417,6.6,10.5,0.627,0.627,3.1,4.1,0.754,3.8,10.1,13.9,6.0,0.7,0.4,2.9,3.3,19.1,,22.9,0.655,0.175,0.324,12.3,32.6,22.4,26.0,1.0,1.0,16.5,21.6,7.4,2.7,10.1,0.199,4.2,1.1,5.2,4.4,2025,9,0,0,0,0,0,0,0,0,40500000,180816000,0,43636000,140316000
319.0,Donovan Clingan,20.0,POR,C,67.0,37.0,19.8,2.7,5.0,0.539,0.2,0.7,0.286,2.5,4.3,0.582,0.56,0.9,1.6,0.596,3.2,4.6,7.9,1.1,0.5,1.6,1.1,2.8,6.5,,17.4,0.574,0.147,0.311,17.3,26.1,21.6,8.3,1.2,7.5,15.9,14.2,1.8,2.2,4.0,0.144,-1.7,1.4,-0.3,0.6,2025,1,0,0,0,0,0,0,0,0,6836400,14014800,0,7178400,7178400
24.0,Donovan Mitchell,28.0,CLE,SG,71.0,71.0,31.4,8.2,18.6,0.443,3.3,8.9,0.368,5.0,9.7,0.512,0.531,4.2,5.1,0.823,0.8,3.7,4.5,5.0,1.3,0.2,2.1,2.0,24.0,"MVP-5,CPOY-9,AS,NBA1",20.9,0.575,0.48,0.274,2.8,12.5,7.8,23.9,2.0,0.7,9.2,30.9,4.8,2.8,7.6,0.163,3.8,-0.2,3.7,3.2,2025,8,4,1,0,1,0,0,0,0,35410310,131910038,0,46394100,96499728
150.0,Donte DiVincenzo,28.0,MIN,SG,62.0,10.0,25.9,4.0,9.6,0.422,2.8,7.1,0.397,1.2,2.5,0.49,0.568,0.8,1.0,0.778,0.5,3.2,3.7,3.6,1.2,0.3,1.6,1.8,11.7,,14.1,0.582,0.739,0.106,2.2,13.3,7.9,20.2,2.2,1.0,13.8,19.4,1.6,2.2,3.9,0.115,0.8,1.1,1.9,1.6,2025,7,0,0,0,0,0,0,0,0,11445000,35970000,0,11990000,24525000
224.0,Draymond Green,34.0,GSW,PF,68.0,66.0,29.2,3.2,7.5,0.424,1.2,3.6,0.325,2.0,3.9,0.517,0.503,1.5,2.2,0.687,1.1,5.0,6.1,5.6,1.5,1.0,2.6,3.2,9.0,"DPOY-3,DEF1",12.4,0.534,0.483,0.289,3.9,19.0,11.2,26.2,2.4,3.4,23.3,15.9,0.3,3.4,3.7,0.088,-2.3,2.8,0.5,1.3,2025,13,2,0,0,0,0,0,1,0,24107143,77678571,0,25892857,53571428
162.0,Duncan Robinson,30.0,MIA,SF,74.0,37.0,24.1,3.9,9.0,0.437,2.6,6.5,0.393,1.4,2.4,0.556,0.581,0.6,0.7,0.887,0.2,2.0,2.3,2.4,0.5,0.1,1.2,1.8,11.0,,11.8,0.595,0.729,0.08,1.1,9.1,5.2,14.7,1.1,0.3,11.1,19.2,1.3,1.4,2.7,0.071,-0.7,-1.1,-1.7,0.1,2025,7,0,0,0,0,0,0,0,0,19406000,29294000,0,9888000,9888000
417.0,Duop Reath,28.0,POR,C,46.0,0.0,10.2,1.5,3.6,0.422,0.7,2.3,0.321,0.8,1.3,0.6,0.524,0.4,0.5,0.909,1.0,1.0,2.0,0.6,0.3,0.3,0.3,0.9,4.2,,13.7,0.552,0.639,0.133,9.9,11.4,10.6,8.0,1.2,2.7,8.3,17.0,0.6,0.4,1.0,0.105,0.2,-0.5,-0.3,0.2,2025,2,0,0,0,0,0,0,0,0,2048780,2048780,0,2221677,0
502.0,Dwight Powell,33.0,DAL,C,55.0,3.0,10.0,0.8,1.1,0.689,0.0,0.1,0.4,0.7,1.0,0.714,0.705,0.5,0.8,0.651,0.9,1.3,2.1,1.0,0.3,0.4,0.3,1.4,2.1,,12.9,0.713,0.082,0.705,9.5,13.7,11.7,12.5,1.6,3.3,18.4,7.6,1.2,0.5,1.7,0.147,-1.5,1.5,0.0,0.3,2025,11,0,0,0,0,0,0,0,0,4000000,4000000,0,4000000,4000000
108.0,Dyson Daniels,21.0,ATL,SG,76.0,76.0,33.8,6.0,12.1,0.493,1.1,3.1,0.34,4.9,9.1,0.545,0.536,1.1,1.8,0.593,1.6,4.3,5.9,4.4,3.0,0.7,2.0,2.3,14.1,"DPOY-2,MIP-1,DEF1",15.6,0.545,0.255,0.152,5.1,14.2,9.6,17.9,4.2,2.0,13.6,18.2,1.3,3.7,5.0,0.093,-1.1,2.6,1.5,2.3,2025,3,3,0,1,0,0,0,1,0,6059520,13767229,0,7707709,7707709
514.0,E.J. Liddell,24.0,CHI,PF,12.0,0.0,4.4,0.7,1.3,0.533,0.3,0.8,0.3,0.4,0.4,1.0,0.633,0.2,0.2,1.0,0.3,0.5,0.8,0.3,0.1,0.1,0.2,0.9,1.8,,11.1,0.661,0.667,0.133,6.0,11.7,8.9,7.6,0.9,1.6,11.2,14.1,0.1,0.0,0.1,0.108,-2.7,-1.4,-4.1,0.0,2025,2,0,0,0,0,0,0,0,0,706898,2120694,0,706898,1413796
449.0,Elfrid Payton,30.0,CHO,PG,24.0,9.0,21.3,1.7,5.1,0.328,0.0,0.3,0.167,1.6,4.8,0.336,0.332,0.2,0.3,0.571,0.6,2.7,3.3,6.9,1.0,0.5,2.5,1.5,3.5,,8.5,0.34,0.049,0.057,3.1,13.9,8.3,43.3,2.3,2.1,32.1,15.2,-0.9,0.3,-0.6,-0.057,-5.1,-1.3,-6.4,-0.6,2025,11,0,0,0,0,0,0,0,0,514753,274809,1,3153598,0
449.0,Elfrid Payton,30.0,CHO,PG,24.0,9.0,21.3,1.7,5.1,0.328,0.0,0.3,0.167,1.6,4.8,0.336,0.332,0.2,0.3,0.571,0.6,2.7,3.3,6.9,1.0,0.5,2.5,1.5,3.5,,8.5,0.34,0.049,0.057,3.1,13.9,8.3,43.3,2.3,2.1,32.1,15.2,-0.9,0.3,-0.6,-0.057,-5.1,-1.3,-6.4,-0.6,2025,11,0,0,0,0,0,0,0,0,514753,239944,1,3153598,0
449.0,Elfrid Payton,30.0,CHO,PG,24.0,9.0,21.3,1.7,5.1,0.328,0.0,0.3,0.167,1.6,4.8,0.336,0.332,0.2,0.3,0.571,0.6,2.7,3.3,6.9,1.0,0.5,2.5,1.5,3.5,,8.5,0.34,0.049,0.057,3.1,13.9,8.3,43.3,2.3,2.1,32.1,15.2,-0.9,0.3,-0.6,-0.057,-5.1,-1.3,-6.4,-0.6,2025,11,0,0,0,0,0,0,0,0,514753,239944,1,3153598,0
63.0,Evan Mobley,23.0,CLE,PF,71.0,71.0,30.5,7.1,12.8,0.557,1.2,3.2,0.37,5.9,9.5,0.621,0.604,3.1,4.3,0.725,2.3,7.0,9.3,3.2,0.9,1.6,2.0,2.0,18.5,"MVP-10,DPOY-1,AS,NBA2,DEF1",22.3,0.633,0.254,0.337,8.4,24.0,16.5,15.1,1.4,4.7,12.2,23.2,5.3,3.8,9.0,0.2,3.1,1.5,4.6,3.6,2025,4,5,1,1,0,1,0,1,0,11227657,235465807,0,46394100,258879078
22.0,Franz Wagner,23.0,ORL,SF,60.0,60.0,33.7,9.0,19.4,0.463,1.7,5.9,0.295,7.2,13.5,0.535,0.507,4.5,5.2,0.871,0.9,4.8,5.7,4.7,1.3,0.4,2.3,2.5,24.2,,20.1,0.558,0.303,0.268,3.0,17.1,9.7,26.6,1.9,1.0,9.6,31.0,2.6,3.1,5.6,0.133,2.6,0.5,3.1,2.6,2025,4,0,0,0,0,0,0,0,0,7007092,231245242,0,38661750,224238150
286.0,GG Jackson II,20.0,MEM,PF,29.0,3.0,15.8,2.6,6.9,0.372,1.1,3.3,0.337,1.4,3.6,0.404,0.452,1.0,1.4,0.725,0.9,2.2,3.2,1.0,0.4,0.2,1.1,1.0,7.2,,9.3,0.482,0.477,0.201,6.3,14.8,10.6,8.2,1.2,1.0,12.5,21.7,-0.4,0.4,0.1,0.009,-3.3,-2.0,-5.3,-0.4,2025,2,0,0,0,0,0,0,0,0,1891857,4113534,0,2221677,2221677
330.0,Gabe Vincent,28.0,LAL,PG,72.0,11.0,21.2,2.3,5.8,0.4,1.5,4.3,0.353,0.8,1.5,0.532,0.53,0.2,0.3,0.714,0.3,1.0,1.3,1.4,0.7,0.2,0.6,2.1,6.4,,7.4,0.536,0.736,0.05,1.5,5.2,3.4,8.7,1.6,0.8,8.7,13.5,0.3,1.0,1.3,0.039,-3.8,-0.1,-4.0,-0.8,2025,6,0,0,0,0,0,0,0,0,11000000,22500000,0,11500000,11500000
194.0,Georges Niang,31.0,ATL,PF,79.0,3.0,21.5,3.6,7.8,0.461,2.1,5.2,0.406,1.5,2.7,0.569,0.595,0.6,0.7,0.793,0.6,2.8,3.4,1.4,0.4,0.2,1.0,2.5,9.9,,11.2,0.607,0.66,0.094,3.1,14.3,8.7,8.8,0.8,0.8,11.3,17.9,1.5,1.4,2.9,0.081,-1.1,-1.2,-2.3,-0.1,2025,9,0,0,0,0,0,0,0,0,8500000,16700000,0,8200000,8200000
2.0,Giannis Antetokounmpo,30.0,MIL,PF,67.0,67.0,34.2,11.8,19.7,0.601,0.2,0.9,0.222,11.6,18.7,0.62,0.607,6.5,10.6,0.617,2.2,9.7,11.9,6.5,0.9,1.2,3.1,2.3,30.4,"MVP-3,DPOY-8,AS,NBA1",30.5,0.625,0.048,0.536,7.3,29.7,19.0,36.0,1.2,3.2,11.2,35.2,7.8,3.7,11.5,0.241,6.9,2.5,9.5,6.6,2025,12,4,1,0,1,0,0,0,0,48787676,161370692,0,54126450,112583016
284.0,Goga Bitadze,25.0,ORL,C,70.0,42.0,20.4,3.0,4.8,0.611,0.0,0.4,0.107,2.9,4.4,0.656,0.615,1.2,1.9,0.639,2.4,4.2,6.6,2.0,0.7,1.4,1.0,2.1,7.2,,19.2,0.631,0.083,0.392,12.7,25.0,18.6,14.8,1.7,6.6,15.3,14.3,2.8,3.0,5.8,0.195,-0.3,2.8,2.5,1.6,2025,6,0,0,0,0,0,0,0,0,9057971,25000000,0,8333333,15942029
104.0,Gradey Dick,21.0,TOR,SG,54.0,54.0,29.4,4.9,12.0,0.41,2.1,6.0,0.35,2.8,5.9,0.47,0.498,2.5,2.9,0.858,0.8,2.8,3.6,1.8,0.9,0.2,1.5,2.2,14.4,,10.9,0.543,0.504,0.24,2.9,10.3,6.5,8.9,1.5,0.6,10.4,21.0,0.2,1.2,1.4,0.042,-1.9,-1.3,-3.2,-0.5,2025,2,0,0,0,0,0,0,0,0,4763760,9754320,0,4990560,4990560
176.0,Grant Williams,26.0,CHO,PF,16.0,7.0,29.9,3.4,7.7,0.439,1.7,4.6,0.365,1.7,3.1,0.551,0.549,1.9,2.3,0.838,1.1,4.0,5.1,2.3,1.1,0.8,1.8,2.9,10.4,,11.5,0.596,0.602,0.301,3.9,14.5,9.1,11.3,1.8,2.7,16.7,14.8,0.3,0.4,0.7,0.071,-2.3,0.7,-1.6,0.1,2025,6,0,0,0,0,0,0,0,0,13025250,40936500,0,13645500,27911250
169.0,Grayson Allen,29.0,PHO,SG,64.0,7.0,24.1,3.4,7.6,0.448,2.3,5.5,0.426,1.1,2.2,0.504,0.6,1.5,1.8,0.816,0.5,2.5,3.0,2.1,0.8,0.3,1.2,1.5,10.6,,13.7,0.631,0.716,0.233,2.5,11.3,7.0,12.5,1.7,1.2,12.2,17.6,2.0,0.6,2.5,0.079,0.7,-1.0,-0.3,0.7,2025,7,0,0,0,0,0,0,0,0,15625000,50625000,0,16875000,35000000
425.0,Gui Santos,22.0,GSW,PF,56.0,2.0,13.6,1.5,3.2,0.458,0.6,1.8,0.33,0.9,1.4,0.632,0.553,0.5,0.8,0.69,1.3,1.8,3.1,1.4,0.4,0.2,0.8,1.6,4.1,,11.7,0.575,0.575,0.235,9.9,14.5,12.1,14.2,1.6,1.2,17.5,13.2,0.8,0.9,1.7,0.11,-2.2,0.5,-1.7,0.1,2025,2,0,0,0,0,0,0,0,0,1891857,1891857,0,2221677,2221677
136.0,Harrison Barnes,32.0,SAS,PF,82.0,82.0,27.2,4.2,8.3,0.508,1.9,4.4,0.433,2.3,3.9,0.591,0.622,2.0,2.4,0.809,1.2,2.6,3.8,1.7,0.5,0.2,0.6,0.9,12.3,,14.9,0.656,0.527,0.291,4.7,10.3,7.4,8.6,0.8,0.6,6.1,15.7,5.0,0.5,5.6,0.12,1.7,-1.7,0.0,1.2,2025,13,0,0,0,0,0,0,0,0,18000000,37000000,0,19000000,19000000
321.0,Haywood Highsmith,28.0,MIA,SF,74.0,42.0,24.6,2.4,5.3,0.458,1.2,3.1,0.382,1.2,2.1,0.57,0.572,0.4,0.6,0.721,1.0,2.4,3.4,1.5,0.9,0.5,0.7,2.2,6.5,,9.9,0.583,0.596,0.11,4.4,10.8,7.7,8.4,1.9,2.0,11.6,11.3,1.3,2.1,3.3,0.088,-2.7,0.9,-1.9,0.1,2025,7,0,0,0,0,0,0,0,0,5200000,10816000,0,5616000,5616000
180.0,Herbert Jones,26.0,NOP,SF,20.0,20.0,32.4,3.8,8.6,0.436,1.1,3.6,0.306,2.7,5.0,0.53,0.5,1.7,2.0,0.825,1.1,2.8,3.9,3.3,1.9,0.5,1.8,3.3,10.3,,10.4,0.541,0.419,0.233,3.6,9.6,6.5,13.8,2.8,1.3,15.6,14.6,0.1,0.3,0.4,0.033,-3.9,0.2,-3.6,-0.3,2025,4,0,0,0,0,0,0,0,0,12976362,41812722,0,13937574,28836360
481.0,Hunter Tyson,24.0,DEN,PF,51.0,2.0,7.8,0.9,2.4,0.375,0.5,1.5,0.311,0.4,0.9,0.478,0.471,0.4,0.5,0.75,0.5,1.0,1.5,0.4,0.2,0.1,0.3,0.9,2.6,,9.0,0.506,0.617,0.233,7.2,13.9,10.7,6.1,1.2,1.3,9.6,15.5,0.1,0.3,0.4,0.047,-3.3,-1.5,-4.8,-0.3,2025,2,0,0,0,0,0,0,0,0,1891857,4113534,0,2221677,2221677
76.0,Immanuel Quickley,25.0,TOR,PG,33.0,33.0,27.8,5.6,13.3,0.42,2.6,6.8,0.378,3.0,6.5,0.465,0.517,3.4,3.9,0.867,0.5,3.1,3.5,5.8,0.7,0.1,1.8,1.8,17.1,,17.5,0.57,0.514,0.292,1.8,12.1,6.8,31.5,1.2,0.4,10.5,25.1,1.8,0.6,2.5,0.128,3.2,-1.0,2.2,1.0,2025,5,0,0,0,0,0,0,0,0,32500000,162500000,0,32500000,130000000
338.0,Isaac Okoro,24.0,CLE,SG,55.0,22.0,19.1,2.3,4.9,0.464,1.0,2.7,0.371,1.2,2.1,0.586,0.569,0.6,0.8,0.717,0.9,1.5,2.4,1.2,0.6,0.3,0.4,1.9,6.1,,10.7,0.587,0.566,0.172,5.2,8.1,6.7,8.0,1.5,1.4,7.4,12.5,1.5,1.0,2.5,0.115,-1.1,0.6,-0.5,0.4,2025,5,0,0,0,0,0,0,0,0,10185186,33000000,0,11000000,22814814
240.0,Isaiah Collier,20.0,UTA,PG,71.0,46.0,25.9,3.3,7.8,0.422,0.6,2.4,0.249,2.7,5.4,0.497,0.459,1.5,2.2,0.682,0.5,2.9,3.3,6.3,0.9,0.2,2.9,2.1,8.7,,9.7,0.494,0.305,0.277,1.9,11.8,6.9,34.3,1.7,0.8,25.0,18.9,-1.3,0.5,-0.8,-0.021,-3.8,-1.5,-5.3,-1.6,2025,1,0,0,0,0,0,0,0,0,2512680,5150880,0,2638200,2638200
155.0,Isaiah Hartenstein,26.0,OKC,C,57.0,53.0,27.9,4.9,8.4,0.581,0.0,0.3,0.0,4.9,8.1,0.605,0.581,1.4,2.1,0.675,2.9,7.9,10.7,3.8,0.8,1.1,1.7,3.0,11.2,,18.9,0.599,0.04,0.244,11.2,29.6,20.6,18.3,1.4,3.9,15.3,16.7,3.2,3.6,6.8,0.205,0.6,2.6,3.2,2.1,2025,7,0,0,0,0,0,0,0,0,30000000,58500000,0,28500000,28500000
182.0,Isaiah Joe,25.0,OKC,SG,74.0,16.0,21.7,3.5,7.9,0.44,2.6,6.3,0.412,0.9,1.6,0.549,0.604,0.6,0.8,0.821,0.6,2.1,2.6,1.6,0.6,0.1,0.5,1.5,10.2,,14.0,0.617,0.793,0.095,2.8,10.1,6.6,9.7,1.4,0.6,5.8,17.2,2.9,2.2,5.1,0.153,1.4,-0.1,1.3,1.4,2025,5,0,0,0,0,0,0,0,0,12991650,36676994,0,12362338,23685344
344.0,Isaiah Stewart,23.0,DET,C,72.0,4.0,19.9,2.4,4.4,0.559,0.2,0.7,0.321,2.2,3.6,0.607,0.586,0.9,1.2,0.759,1.8,3.7,5.5,1.7,0.4,1.4,0.9,2.5,6.0,,14.6,0.616,0.168,0.276,10.1,20.6,15.4,11.3,0.9,6.7,16.1,12.4,2.1,2.2,4.3,0.144,-1.6,2.1,0.6,0.9,2025,5,0,0,0,0,0,0,0,0,15000000,45000000,0,15000000,30000000
81.0,Ivica Zubac,27.0,LAC,C,80.0,80.0,32.8,7.4,11.8,0.628,0.0,0.0,,7.4,11.8,0.628,0.628,2.0,3.0,0.661,3.8,8.9,12.6,2.7,0.7,1.1,1.6,2.1,16.8,"DPOY-6,DEF2",22.3,0.641,0.0,0.251,13.1,30.2,21.8,12.8,1.0,3.4,10.8,19.5,7.0,4.7,11.7,0.215,2.3,0.8,3.1,3.4,2025,9,2,0,0,0,0,0,0,1,11743210,70393690,0,18102000,58650480
30.0,Ja Morant,25.0,MEM,PG,50.0,50.0,30.4,8.1,17.8,0.454,1.8,5.7,0.309,6.3,12.1,0.523,0.504,5.3,6.4,0.824,0.7,3.4,4.1,7.3,1.2,0.2,3.7,2.3,23.2,,19.3,0.563,0.321,0.359,2.4,11.8,7.1,36.0,1.9,0.7,15.2,32.2,2.0,1.5,3.5,0.112,3.1,-0.7,2.4,1.7,2025,6,0,0,0,0,0,0,0,0,36725670,163225200,0,39446090,126499530
248.0,Ja'Kobe Walter,20.0,TOR,SG,52.0,18.0,21.2,3.1,7.6,0.405,1.3,3.6,0.349,1.8,4.0,0.454,0.487,1.3,1.6,0.795,1.1,1.9,3.1,1.6,0.8,0.2,1.0,1.8,8.6,,10.8,0.523,0.473,0.211,5.6,10.1,7.8,10.2,1.9,0.9,10.4,18.2,0.3,0.9,1.2,0.052,-2.3,-0.6,-3.0,-0.3,2025,1,0,0,0,0,0,0,0,0,3465000,7103160,0,3638160,3638160
141.0,Jabari Smith Jr.,21.0,HOU,PF,57.0,39.0,30.1,4.4,9.9,0.438,1.7,4.9,0.354,2.6,5.1,0.519,0.525,1.8,2.2,0.825,1.8,5.2,7.0,1.1,0.4,0.7,1.1,2.2,12.2,,12.6,0.562,0.489,0.223,6.4,18.6,12.4,4.7,0.7,2.1,8.9,16.4,1.9,2.2,4.2,0.117,-0.8,0.1,-0.7,0.6,2025,3,0,0,0,0,0,0,0,0,9770880,22121272,0,12350392,12350392
243.0,Jaden Hardy,22.0,DAL,SG,57.0,3.0,15.9,3.2,7.3,0.435,1.3,3.5,0.386,1.8,3.8,0.479,0.527,1.1,1.5,0.698,0.2,1.4,1.6,1.4,0.5,0.1,1.4,1.6,8.7,,10.4,0.549,0.476,0.208,1.1,9.4,5.3,13.2,1.5,0.5,15.4,25.3,-0.8,0.5,-0.3,-0.016,-2.8,-1.9,-4.7,-0.6,2025,3,0,0,0,0,0,0,0,0,2019699,14019699,0,6000000,12000000
72.0,Jaden Ivey,22.0,DET,SG,30.0,30.0,29.9,6.3,13.8,0.46,2.1,5.1,0.409,4.2,8.6,0.49,0.536,2.8,3.9,0.733,1.3,2.8,4.1,4.0,0.9,0.4,3.0,2.2,17.6,,14.7,0.569,0.373,0.281,5.0,10.3,7.6,19.7,1.5,1.2,16.1,26.0,0.3,0.8,1.2,0.062,0.8,-0.8,0.0,0.5,2025,3,0,0,0,0,0,0,0,0,7977240,18084403,0,10107163,10107163
140.0,Jaden McDaniels,24.0,MIN,PF,82.0,82.0,31.9,4.9,10.2,0.477,1.2,3.7,0.33,3.6,6.5,0.561,0.537,1.3,1.6,0.813,1.6,4.2,5.7,2.0,1.3,0.9,1.2,2.7,12.2,,13.3,0.562,0.363,0.153,5.6,14.2,10.0,9.0,2.1,2.6,9.6,16.3,2.3,3.9,6.3,0.115,-1.4,1.4,0.0,1.4,2025,5,0,0,0,0,0,0,0,0,23017242,133500000,0,24858622,110482758
247.0,Jaime Jaquez Jr.,23.0,MIA,SF,66.0,17.0,20.7,3.2,7.0,0.461,0.6,1.8,0.311,2.7,5.2,0.513,0.501,1.6,2.2,0.754,1.3,3.1,4.4,2.5,0.9,0.2,1.5,1.2,8.6,,14.3,0.543,0.258,0.307,6.8,16.5,11.7,17.9,2.2,1.0,15.7,20.2,0.5,1.8,2.3,0.081,-1.4,0.5,-0.9,0.4,2025,2,0,0,0,0,0,0,0,0,3685800,7547400,0,3861600,3861600
102.0,Jakob Poeltl,29.0,TOR,C,57.0,56.0,29.6,6.4,10.2,0.627,0.0,0.1,0.333,6.4,10.1,0.628,0.628,1.7,2.5,0.674,3.3,6.3,9.6,2.8,1.2,1.2,1.9,3.1,14.5,,20.0,0.641,0.005,0.249,11.7,23.3,17.4,14.5,1.9,4.0,14.7,18.7,3.0,2.5,5.5,0.158,0.7,1.3,2.0,1.7,2025,9,0,0,0,0,0,0,0,0,19500000,39000000,0,19500000,39000000
10.0,Jalen Brunson,28.0,NYK,PG,65.0,65.0,35.4,9.0,18.5,0.488,2.3,6.1,0.383,6.7,12.4,0.539,0.551,5.7,6.9,0.821,0.4,2.5,2.9,7.3,0.9,0.1,2.5,2.1,26.0,"MVP-10,CPOY-1,AS,NBA2",21.6,0.605,0.331,0.373,1.4,7.9,4.7,32.3,1.3,0.3,10.5,29.5,6.8,1.4,8.3,0.172,4.7,-1.3,3.3,3.1,2025,7,4,1,1,0,1,0,0,0,24960001,138178564,0,34944001,113218563
149.0,Jalen Duren,21.0,DET,C,78.0,78.0,26.1,4.8,7.0,0.692,0.0,0.0,,4.8,7.0,0.692,0.692,2.1,3.1,0.669,3.6,6.8,10.3,2.7,0.7,1.1,1.7,3.2,11.8,,21.4,0.703,0.0,0.443,15.2,28.7,22.0,14.7,1.3,4.2,17.2,16.4,5.9,3.4,9.2,0.218,1.6,1.5,3.1,2.7,2025,3,0,0,0,0,0,0,0,0,4536840,11019984,0,6483144,6483144
43.0,Jalen Green,22.0,HOU,SG,82.0,82.0,32.9,7.4,17.5,0.423,2.9,8.1,0.354,4.6,9.5,0.482,0.505,3.3,4.1,0.813,0.5,4.0,4.6,3.4,0.9,0.3,2.5,1.5,21.0,,15.1,0.544,0.46,0.234,1.7,13.4,7.4,16.0,1.3,0.9,11.4,27.3,1.9,3.2,5.1,0.092,1.1,-0.5,0.5,1.7,2025,4,0,0,0,0,0,0,0,0,12483048,81816381,0,33333333,69333333
59.0,Jalen Johnson,23.0,ATL,SF,36.0,36.0,35.7,7.5,15.1,0.5,1.2,3.9,0.312,6.3,11.1,0.566,0.541,2.6,3.5,0.746,1.7,8.3,10.0,5.0,1.6,1.0,2.9,1.9,18.9,,17.3,0.569,0.26,0.232,5.2,26.0,15.3,20.5,2.0,2.6,15.1,22.5,0.8,1.6,2.4,0.089,0.5,1.4,1.8,1.2,2025,4,0,0,0,0,0,0,0,0,4510905,154510905,0,30000000,150000000
423.0,Jalen Pickett,25.0,DEN,SG,49.0,4.0,13.6,1.6,3.7,0.428,0.8,2.1,0.396,0.8,1.6,0.468,0.539,0.1,0.2,0.75,0.3,1.1,1.4,2.2,0.4,0.1,0.5,0.8,4.1,,10.9,0.545,0.561,0.044,2.6,8.8,5.9,19.5,1.4,0.7,11.6,13.2,0.8,0.3,1.1,0.078,-0.8,-0.7,-1.5,0.1,2025,2,0,0,0,0,0,0,0,0,1891857,4113534,0,2221677,2221677
261.0,Jalen Smith,24.0,CHI,C,64.0,2.0,15.0,3.0,6.4,0.466,1.1,3.5,0.324,1.8,2.9,0.634,0.554,1.1,1.4,0.809,1.4,4.2,5.6,1.0,0.3,0.7,0.6,1.5,8.2,,18.7,0.586,0.544,0.218,9.9,28.7,19.5,9.7,0.8,4.0,7.6,21.0,1.7,1.3,2.9,0.146,1.5,-0.6,0.9,0.7,2025,5,0,0,0,0,0,0,0,0,8571429,27000000,0,9000000,18428571
87.0,Jalen Suggs,23.0,ORL,PG,35.0,35.0,28.6,5.6,13.7,0.41,2.2,6.9,0.314,3.5,6.8,0.506,0.489,2.8,3.1,0.882,0.7,3.4,4.0,3.7,1.5,0.9,2.9,2.8,16.2,,14.4,0.536,0.503,0.229,2.5,14.2,8.1,21.6,2.5,3.2,16.2,27.5,-0.7,1.8,1.1,0.052,-0.8,1.3,0.4,0.6,2025,4,0,0,0,0,0,0,0,0,9188385,132988385,0,35000000,123800000
37.0,Jalen Williams,23.0,OKC,SG,69.0,69.0,32.4,8.2,16.9,0.484,1.8,4.9,0.365,6.4,12.0,0.533,0.537,3.4,4.3,0.789,0.9,4.5,5.3,5.1,1.6,0.7,2.2,2.3,21.6,"AS,NBA3,DEF2",20.3,0.573,0.291,0.256,2.9,14.6,8.8,23.4,2.4,2.1,10.3,27.5,3.7,4.1,7.8,0.168,2.7,1.4,4.0,3.4,2025,3,3,1,0,0,0,1,0,1,4775760,11356757,0,6580997,6580997
205.0,Jalen Wilson,24.0,BRK,PF,79.0,22.0,25.7,3.1,7.8,0.397,1.5,4.6,0.337,1.6,3.3,0.481,0.495,1.7,2.1,0.818,0.9,2.5,3.4,1.8,0.5,0.1,1.0,2.1,9.5,,9.5,0.541,0.584,0.266,4.0,11.4,7.5,10.8,1.0,0.2,10.2,16.6,0.9,1.0,1.9,0.046,-2.6,-1.3,-3.9,-1.0,2025,2,0,0,0,0,0,0,0,0,1891857,1891857,0,2221677,2221677
39.0,Jamal Murray,27.0,DEN,PG,67.0,67.0,36.1,7.9,16.7,0.474,2.3,5.9,0.393,5.6,10.8,0.518,0.543,3.3,3.7,0.886,0.7,3.2,3.9,6.0,1.4,0.5,2.1,1.9,21.4,,17.8,0.584,0.354,0.219,2.2,9.3,5.9,23.2,1.8,1.2,10.1,24.0,4.6,1.6,6.2,0.123,1.8,-1.0,0.8,1.7,2025,9,0,0,0,0,0,0,0,0,36016200,243861768,0,46394100,207845568
295.0,Jamal Shead,22.0,TOR,PG,75.0,11.0,19.6,2.7,6.7,0.405,1.0,3.0,0.323,1.8,3.7,0.47,0.476,0.7,0.9,0.768,0.4,1.1,1.5,4.2,0.8,0.1,1.6,2.1,7.1,,9.9,0.499,0.442,0.137,2.1,6.4,4.2,29.8,1.9,0.7,18.0,18.6,-0.2,1.1,0.8,0.027,-3.2,-0.9,-4.1,-0.8,2025,1,0,0,0,0,0,0,0,0,1862265,3817642,0,1955377,1955377
345.0,James Wiseman,23.0,IND,C,1.0,0.0,5.0,2.0,4.0,0.5,0.0,1.0,0.0,2.0,3.0,0.667,0.5,2.0,2.0,1.0,0.0,1.0,1.0,0.0,0.0,0.0,0.0,0.0,6.0,,31.2,0.615,0.25,0.5,0.0,22.1,11.1,0.0,0.0,0.0,0.0,42.2,0.0,0.0,0.0,0.237,6.0,-4.4,1.6,0.0,2025,5,0,0,0,0,0,0,0,0,2237691,2237691,1,2667947,1000000
293.0,Jamison Battle,23.0,TOR,SF,59.0,10.0,17.7,2.5,5.9,0.429,1.8,4.4,0.405,0.7,1.5,0.5,0.581,0.3,0.3,0.889,0.6,2.1,2.7,0.9,0.3,0.2,0.5,1.6,7.1,,10.7,0.59,0.746,0.052,3.7,12.8,8.1,7.1,0.8,0.9,7.1,15.3,1.0,0.7,1.7,0.079,-0.9,-1.3,-2.3,-0.1,2025,1,0,0,0,0,0,0,0,0,1000000,1000000,0,1955377,0
339.0,Jarace Walker,21.0,IND,PF,75.0,5.0,15.8,2.3,4.8,0.472,1.0,2.5,0.405,1.3,2.3,0.543,0.576,0.6,0.9,0.667,0.3,2.7,3.1,1.5,0.7,0.3,1.0,1.5,6.1,,11.9,0.59,0.514,0.192,2.4,19.0,10.8,12.2,2.2,1.9,16.7,17.1,0.1,1.5,1.6,0.065,-1.8,0.8,-0.9,0.3,2025,2,0,0,0,0,0,0,0,0,6362520,13028040,0,6665520,6665520
92.0,Jared McCain,20.0,PHI,SG,23.0,8.0,25.7,5.5,11.9,0.46,2.2,5.8,0.383,3.3,6.1,0.532,0.553,2.1,2.4,0.875,0.6,1.9,2.4,2.6,0.7,0.0,1.6,1.6,15.3,ROY-7,15.2,0.589,0.485,0.204,2.4,8.6,5.4,16.7,1.2,0.0,11.0,24.7,0.6,0.1,0.7,0.057,1.8,-1.6,0.2,0.3,2025,1,1,0,0,0,0,0,0,0,4020360,8241720,0,4221360,4221360
35.0,Jaren Jackson Jr.,25.0,MEM,C,74.0,74.0,29.8,8.0,16.4,0.488,2.0,5.3,0.375,6.0,11.1,0.541,0.548,4.2,5.4,0.781,1.2,4.4,5.6,2.0,1.2,1.5,2.1,3.5,22.2,"DPOY-7,AS,DEF2",19.6,0.591,0.321,0.328,4.4,15.5,10.0,10.1,1.9,4.7,9.9,28.1,3.2,3.2,6.4,0.139,1.6,0.8,2.3,2.4,2025,7,3,1,0,0,0,0,0,1,25257798,48671193,0,35000000,35000000
426.0,Jarred Vanderbilt,25.0,LAL,PF,36.0,2.0,16.1,1.6,3.4,0.488,0.3,0.9,0.281,1.4,2.5,0.562,0.525,0.6,1.0,0.556,1.9,3.2,5.1,1.1,1.0,0.3,0.8,1.9,4.1,,13.2,0.537,0.264,0.298,13.6,21.5,17.6,9.4,3.0,1.6,17.5,12.5,0.5,0.9,1.4,0.114,-2.3,1.3,-1.0,0.2,2025,7,0,0,0,0,0,0,0,0,10714286,34714286,0,11571429,24000000
118.0,Jarrett Allen,26.0,CLE,C,82.0,82.0,28.0,5.5,7.8,0.706,0.0,0.1,0.0,5.5,7.7,0.712,0.706,2.4,3.4,0.718,2.6,7.1,9.7,1.9,0.9,0.9,1.2,1.5,13.5,,22.1,0.724,0.008,0.433,10.5,26.7,18.8,9.5,1.6,2.9,11.3,15.9,7.6,4.0,11.6,0.243,3.0,1.2,4.2,3.6,2025,8,0,0,0,0,0,0,0,0,20000000,130720000,0,20000000,110720000
303.0,Jay Huff,26.0,MEM,C,64.0,2.0,11.7,2.5,4.8,0.515,1.3,3.1,0.405,1.2,1.6,0.724,0.648,0.7,0.9,0.786,0.5,1.5,2.0,0.6,0.3,0.9,0.5,1.2,6.9,,18.2,0.666,0.656,0.184,4.3,13.9,9.1,7.0,1.0,6.9,9.3,19.6,1.6,1.0,2.5,0.162,2.5,1.0,3.5,1.1,2025,4,0,0,0,0,0,0,0,0,2088033,4437611,0,2349578,2349578
32.0,Jaylen Brown,28.0,BOS,SF,63.0,63.0,34.3,8.2,17.7,0.463,1.8,5.7,0.324,6.4,12.1,0.529,0.515,3.9,5.1,0.764,1.3,4.5,5.8,4.5,1.2,0.3,2.6,2.4,22.2,AS,17.8,0.555,0.32,0.288,4.1,14.4,9.3,21.4,1.7,0.8,11.4,28.9,2.3,2.9,5.2,0.115,0.4,-0.4,0.0,1.1,2025,9,1,1,0,0,0,0,0,0,49205800,285393640,0,53142264,236187840
175.0,Jaylen Wells,21.0,MEM,SG,79.0,74.0,25.9,3.6,8.6,0.425,1.7,5.0,0.352,1.9,3.6,0.525,0.527,1.4,1.7,0.822,1.1,2.3,3.4,1.7,0.6,0.1,0.9,1.8,10.4,ROY-3,10.5,0.56,0.58,0.2,4.6,9.3,6.9,8.4,1.0,0.4,8.6,15.9,2.1,1.4,3.5,0.083,-1.2,-1.0,-2.2,-0.1,2025,1,1,0,0,0,0,0,0,0,1157153,3112530,0,1955377,1955377
448.0,Jaylon Tyson,22.0,CLE,SG,47.0,3.0,9.6,1.4,3.2,0.43,0.4,1.2,0.345,0.9,1.9,0.484,0.497,0.4,0.5,0.792,0.8,1.3,2.0,0.9,0.3,0.1,0.6,1.1,3.6,,11.1,0.523,0.389,0.161,9.1,13.7,11.5,12.4,1.4,0.6,14.0,17.4,0.3,0.5,0.8,0.083,-2.4,-0.2,-2.7,-0.1,2025,1,0,0,0,0,0,0,0,0,3326160,6818640,0,3492480,3492480
6.0,Jayson Tatum,26.0,BOS,PF,72.0,72.0,36.4,9.2,20.3,0.452,3.5,10.1,0.343,5.7,10.2,0.559,0.537,5.0,6.1,0.814,0.7,8.0,8.7,6.0,1.1,0.5,2.9,2.2,26.8,"MVP-4,CPOY-10,AS,NBA1",21.7,0.582,0.497,0.3,2.0,23.7,12.9,27.0,1.5,1.3,11.2,31.2,5.3,4.2,9.5,0.174,4.4,0.8,5.2,4.8,2025,8,4,1,0,1,0,0,0,0,34848340,277334836,0,54126450,242486496
105.0,Jerami Grant,30.0,POR,PF,47.0,47.0,32.4,4.6,12.2,0.373,2.3,6.3,0.365,2.3,5.9,0.381,0.467,3.0,3.5,0.849,0.6,2.9,3.5,2.1,0.9,1.0,1.4,2.3,14.4,,10.9,0.523,0.516,0.289,1.8,10.0,5.8,9.5,1.3,2.7,9.1,19.4,0.6,1.2,1.8,0.057,-1.4,-0.3,-1.6,0.1,2025,11,0,0,0,0,0,0,0,0,29793104,96000003,0,32000001,66206899
153.0,Jeremy Sochan,21.0,SAS,PF,54.0,23.0,25.3,4.6,8.7,0.535,0.5,1.7,0.308,4.1,7.0,0.59,0.565,1.6,2.3,0.696,2.4,4.2,6.5,2.4,0.8,0.5,1.6,2.4,11.4,,15.9,0.589,0.194,0.267,10.0,17.7,13.8,13.7,1.6,1.8,13.8,19.0,1.7,1.1,2.7,0.096,-0.8,-0.4,-1.2,0.3,2025,3,0,0,0,0,0,0,0,0,5570040,12666271,0,7096231,7096231
396.0,Jett Howard,21.0,ORL,SF,60.0,0.0,11.7,1.6,4.4,0.374,0.9,3.1,0.296,0.7,1.3,0.566,0.479,0.3,0.4,0.696,0.3,0.8,1.2,0.7,0.2,0.2,0.6,1.1,4.5,,7.1,0.491,0.71,0.088,3.1,8.6,5.7,9.6,0.9,1.5,11.7,19.2,-0.6,0.8,0.1,0.01,-4.1,-1.2,-5.3,-0.6,2025,2,0,0,0,0,0,0,0,0,5278320,10808040,0,5529720,5529720
407.0,Jevon Carter,29.0,CHI,PG,36.0,1.0,8.9,1.5,4.1,0.377,1.0,2.9,0.333,0.6,1.1,0.488,0.497,0.2,0.3,0.8,0.1,1.0,1.1,1.1,0.4,0.1,0.3,0.4,4.3,,12.2,0.509,0.719,0.068,1.3,11.2,6.4,17.2,1.9,0.8,6.8,21.0,0.1,0.3,0.3,0.046,-1.0,-1.1,-2.1,0.0,2025,7,0,0,0,0,0,0,0,0,6500000,6500000,0,6809524,6809524
73.0,Jimmy Butler,35.0,GSW,SF,55.0,55.0,31.7,5.5,10.9,0.504,0.6,1.9,0.308,4.9,9.0,0.546,0.531,6.0,7.1,0.842,2.3,3.1,5.4,5.4,1.4,0.3,1.3,0.9,17.5,,22.4,0.626,0.174,0.657,7.7,10.8,9.2,25.5,2.2,1.0,8.8,20.8,6.6,2.0,8.7,0.238,4.0,1.0,4.9,3.0,2025,14,0,0,0,0,0,0,0,0,48798677,159757900,0,54126450,110959223
387.0,Jock Landale,29.0,HOU,C,42.0,3.0,11.9,1.9,3.6,0.533,0.3,0.6,0.423,1.7,3.0,0.556,0.569,0.6,1.0,0.675,1.3,1.9,3.3,0.9,0.3,0.2,0.5,1.2,4.8,,16.0,0.59,0.171,0.263,11.7,17.6,14.6,10.3,1.3,1.8,11.0,15.7,1.0,0.7,1.7,0.159,0.0,0.4,0.4,0.3,2025,4,0,0,0,0,0,0,0,0,8000000,16000000,0,8000000,8000000
27.0,Joel Embiid,30.0,PHI,C,19.0,19.0,30.2,7.4,16.6,0.444,1.2,4.1,0.299,6.2,12.5,0.492,0.481,7.8,8.9,0.882,1.9,6.3,8.2,4.5,0.7,0.9,3.3,2.2,23.8,,23.4,0.58,0.244,0.537,6.8,24.5,15.3,25.6,1.2,3.1,13.7,34.2,0.9,0.5,1.4,0.118,3.7,-0.3,3.5,0.8,2025,9,0,0,0,0,0,0,0,0,51415938,227250828,0,55224526,175834890
57.0,John Collins,27.0,UTA,PF,40.0,31.0,30.5,7.0,13.3,0.527,1.5,3.7,0.399,5.5,9.6,0.577,0.583,3.5,4.1,0.848,2.2,6.0,8.2,2.0,1.0,1.0,2.6,2.9,19.0,,19.0,0.628,0.279,0.309,7.9,20.9,14.4,10.8,1.5,3.1,14.6,24.2,1.7,0.8,2.5,0.098,1.4,-0.4,1.0,0.9,2025,8,0,0,0,0,0,0,0,0,26580000,26580000,0,26580000,26580000
489.0,John Konchar,28.0,MEM,SG,46.0,4.0,12.1,0.9,2.0,0.451,0.5,1.3,0.371,0.4,0.6,0.621,0.577,0.2,0.2,0.875,0.8,2.5,3.3,0.9,0.7,0.3,0.3,0.7,2.4,,12.1,0.592,0.681,0.088,7.1,21.4,14.3,8.8,2.5,2.3,14.5,8.0,0.6,0.9,1.5,0.131,-0.7,2.3,1.7,0.5,2025,6,0,0,0,0,0,0,0,0,6165000,18495000,0,6165000,12330000
501.0,Johnny Furphy,20.0,IND,SG,50.0,0.0,7.6,0.7,1.8,0.38,0.3,1.0,0.3,0.4,0.8,0.476,0.462,0.4,0.4,0.818,0.5,1.0,1.4,0.4,0.4,0.2,0.2,0.8,2.1,,9.8,0.506,0.543,0.239,6.8,14.0,10.4,6.2,2.3,2.6,10.6,13.0,0.1,0.5,0.5,0.07,-3.0,0.6,-2.5,0.0,2025,1,0,0,0,0,0,0,0,0,1850842,6102490,0,1955377,4251648
173.0,Jonas Valančiūnas,32.0,SAC,C,81.0,21.0,18.8,4.3,7.7,0.55,0.1,0.5,0.216,4.2,7.3,0.571,0.557,1.8,2.0,0.879,2.3,5.4,7.7,2.0,0.5,0.6,1.5,2.2,10.4,,20.8,0.602,0.059,0.263,13.3,30.7,22.0,17.6,1.2,2.8,14.6,22.8,2.6,1.7,4.3,0.137,0.8,-0.1,0.6,1.0,2025,13,0,0,0,0,0,0,0,0,9900000,20295000,0,10395000,10395000
365.0,Jonathan Isaac,27.0,ORL,PF,71.0,1.0,15.4,1.9,4.6,0.414,0.5,2.1,0.258,1.3,2.4,0.549,0.474,1.0,1.5,0.682,1.7,2.7,4.4,0.6,0.9,1.1,0.5,1.3,5.4,,16.6,0.512,0.466,0.33,12.0,21.5,16.5,5.5,2.8,7.0,8.2,16.2,0.8,2.5,3.4,0.148,-1.1,1.8,0.7,0.7,2025,8,0,0,0,0,0,0,0,0,25000000,69000000,0,15000000,44000000
335.0,Jonathan Mogbo,23.0,TOR,PF,63.0,18.0,20.4,2.5,5.7,0.438,0.3,1.1,0.243,2.2,4.5,0.486,0.462,1.0,1.3,0.732,1.7,3.2,4.9,2.3,0.9,0.5,1.1,2.2,6.2,,11.9,0.496,0.197,0.23,8.9,17.3,13.0,15.3,2.1,2.5,15.1,15.0,0.3,1.6,1.9,0.071,-2.9,1.0,-1.9,0.0,2025,1,0,0,0,0,0,0,0,0,1862265,3817642,0,1955377,1955377
85.0,Jordan Clarkson,32.0,UTA,SG,37.0,9.0,26.0,5.4,13.3,0.408,2.3,6.3,0.362,3.2,7.1,0.448,0.493,3.1,3.9,0.797,0.7,2.5,3.2,3.7,0.8,0.2,2.3,1.4,16.2,,14.5,0.54,0.471,0.29,2.8,10.4,6.6,22.9,1.5,0.9,13.4,27.8,0.2,0.2,0.4,0.021,0.6,-2.1,-1.5,0.1,2025,11,0,0,0,0,0,0,0,0,14092577,28378291,0,14285714,14285714
166.0,Jordan Hawkins,22.0,NOP,SG,56.0,9.0,23.6,3.7,9.9,0.372,2.0,5.9,0.331,1.7,4.0,0.433,0.471,1.4,1.8,0.816,0.4,2.4,2.8,1.2,0.5,0.4,1.0,0.9,10.8,,9.6,0.504,0.597,0.176,2.0,11.2,6.5,7.3,1.1,1.7,8.8,21.0,-0.7,0.1,-0.5,-0.02,-2.4,-3.0,-5.4,-1.2,2025,2,0,0,0,0,0,0,0,0,4525680,9267000,0,4741320,4741320
46.0,Jordan Poole,25.0,WAS,SG,68.0,68.0,29.4,6.7,15.5,0.432,3.5,9.1,0.378,3.3,6.4,0.51,0.544,3.6,4.0,0.883,0.5,2.5,3.0,4.5,1.3,0.4,3.0,3.0,20.5,,16.6,0.591,0.588,0.259,1.6,9.0,5.3,25.6,2.0,1.2,14.8,29.0,1.2,0.8,2.0,0.047,2.0,-1.6,0.4,1.2,2025,6,0,0,0,0,0,0,0,0,29651786,95544643,0,31848215,65892857
525.0,Jordan Walsh,20.0,BOS,PF,52.0,1.0,7.8,0.6,1.6,0.361,0.3,1.1,0.273,0.3,0.5,0.536,0.452,0.1,0.2,0.583,0.4,0.9,1.3,0.4,0.2,0.2,0.3,0.6,1.6,,6.9,0.464,0.663,0.145,6.2,12.4,9.3,6.0,1.5,2.5,16.1,11.5,-0.2,0.5,0.4,0.044,-4.4,0.5,-3.9,-0.2,2025,2,0,0,0,0,0,0,0,0,1891857,2091857,0,2221677,200000
178.0,Jose Alvarado,26.0,NOP,PG,56.0,23.0,24.4,3.6,9.3,0.392,2.0,5.5,0.359,1.7,3.8,0.439,0.498,1.1,1.3,0.811,0.5,1.9,2.4,4.6,1.3,0.3,1.5,1.6,10.3,,13.4,0.523,0.593,0.142,2.1,8.9,5.4,27.3,2.6,1.0,13.4,19.8,0.7,0.5,1.2,0.043,-0.6,-0.8,-1.4,0.2,2025,4,0,0,0,0,0,0,0,0,1988598,6488598,0,4500000,4500000
277.0,Josh Green,24.0,CHO,SG,68.0,67.0,27.8,2.6,6.2,0.428,1.4,3.6,0.391,1.2,2.5,0.48,0.543,0.7,1.1,0.681,0.8,1.7,2.5,1.6,1.1,0.2,1.0,2.4,7.4,,7.8,0.559,0.589,0.171,3.1,6.7,4.9,8.2,1.9,0.8,13.4,11.8,0.4,1.0,1.5,0.037,-4.5,0.2,-4.3,-1.1,2025,5,0,0,0,0,0,0,0,0,12654321,41000000,0,13666667,28345679
117.0,Josh Hart,29.0,NYK,SG,77.0,77.0,37.6,5.2,10.0,0.525,1.1,3.3,0.333,4.2,6.7,0.618,0.579,2.1,2.7,0.776,2.1,7.5,9.6,5.9,1.5,0.4,2.1,2.6,13.6,,16.5,0.611,0.327,0.266,6.4,22.6,14.6,20.7,2.0,0.9,15.5,15.3,5.4,3.8,9.2,0.153,1.1,1.8,2.8,3.6,2025,8,0,0,0,0,0,0,0,0,18144000,58540000,0,19472240,40396000
157.0,Jrue Holiday,34.0,BOS,PG,62.0,62.0,30.6,4.1,9.2,0.443,1.7,4.9,0.353,2.4,4.3,0.547,0.538,1.1,1.2,0.909,1.2,3.0,4.3,3.9,1.1,0.4,1.2,1.6,11.1,,13.5,0.565,0.534,0.134,4.4,10.8,7.6,17.3,1.7,1.3,11.3,15.8,2.8,2.4,5.1,0.13,-0.3,1.0,0.7,1.3,2025,16,0,0,0,0,0,0,0,0,30000000,97200000,0,32400000,67200000
195.0,Julian Champagnie,23.0,SAS,SF,82.0,29.0,23.6,3.4,8.1,0.415,2.2,5.9,0.371,1.2,2.3,0.53,0.549,1.0,1.1,0.904,0.8,3.1,3.9,1.4,0.7,0.4,0.9,1.4,9.9,,12.2,0.577,0.722,0.141,3.7,13.9,8.8,7.9,1.5,1.6,9.5,17.2,1.3,1.2,2.5,0.062,-0.3,-0.9,-1.3,0.4,2025,3,0,0,0,0,0,0,0,0,3000000,3000000,0,3000000,0
393.0,Julian Phillips,21.0,CHI,SF,79.0,5.0,14.2,1.6,3.6,0.446,0.6,1.9,0.327,1.0,1.7,0.582,0.533,0.8,1.0,0.789,0.8,1.3,2.1,0.5,0.5,0.3,0.3,1.4,4.6,,10.2,0.571,0.533,0.265,6.4,9.4,7.9,4.4,1.6,1.5,7.8,12.9,1.0,0.8,1.9,0.08,-2.6,-0.4,-3.0,-0.3,2025,2,0,0,0,0,0,0,0,0,1891857,4113534,0,2221677,2221677
227.0,Julian Strawther,22.0,DEN,SG,65.0,4.0,21.3,3.2,7.5,0.432,1.4,4.1,0.349,1.8,3.3,0.535,0.529,1.1,1.4,0.822,0.3,1.9,2.2,1.3,0.6,0.2,0.9,2.3,9.0,,9.5,0.559,0.553,0.185,1.4,9.5,5.6,7.6,1.4,1.0,9.8,17.8,0.5,0.8,1.3,0.043,-3.1,-1.4,-4.5,-0.9,2025,2,0,0,0,0,0,0,0,0,2552520,5226720,0,2674200,2674200
229.0,Jusuf Nurkić,30.0,CHO,C,51.0,32.0,20.8,3.3,6.9,0.477,0.6,2.1,0.305,2.7,4.8,0.551,0.523,1.7,2.5,0.664,1.7,6.1,7.8,2.3,0.8,0.7,1.9,2.5,8.9,,15.2,0.555,0.298,0.364,8.8,32.0,20.5,16.8,1.9,3.1,19.2,20.6,0.0,1.5,1.5,0.066,-2.2,0.9,-1.3,0.2,2025,11,0,0,0,0,0,0,0,0,18125000,37500000,0,19375000,19375000
329.0,KJ Martin,24.0,UTA,PF,43.0,16.0,21.2,2.6,4.7,0.552,0.3,1.3,0.259,2.2,3.3,0.671,0.59,0.9,1.1,0.787,0.7,2.2,2.9,1.1,0.4,0.5,0.6,2.3,6.4,,10.2,0.618,0.289,0.234,3.6,11.8,7.6,7.4,0.9,2.3,9.8,11.5,1.1,0.2,1.3,0.068,-3.2,-0.3,-3.6,-0.4,2025,5,0,0,0,0,0,0,0,0,7975000,7975000,0,8025000,0
20.0,Karl-Anthony Towns,29.0,NYK,C,72.0,72.0,35.0,8.9,16.9,0.526,2.0,4.7,0.42,6.9,12.2,0.567,0.584,4.7,5.7,0.829,2.9,9.8,12.8,3.1,1.0,0.7,2.7,3.5,24.4,"AS,NBA3",23.4,0.63,0.278,0.337,9.8,32.0,21.0,13.8,1.4,1.9,12.1,27.4,6.3,3.8,10.1,0.193,3.5,0.1,3.6,3.5,2025,10,2,1,0,0,0,1,0,0,49205800,159426792,0,53142264,110220992
270.0,Karlo Matković,23.0,NOP,PF,42.0,7.0,18.8,3.2,5.6,0.574,0.5,1.6,0.318,2.7,4.0,0.675,0.619,0.8,1.0,0.773,1.5,3.5,5.0,1.1,0.5,1.0,1.0,2.5,7.7,,15.6,0.639,0.281,0.187,8.5,20.4,14.2,8.6,1.3,5.0,14.5,15.9,1.0,0.6,1.6,0.096,-1.9,-0.2,-2.0,0.0,2025,1,0,0,0,0,0,0,0,0,1407153,3362530,0,1955377,1955377
38.0,Kawhi Leonard,33.0,LAC,SF,37.0,37.0,31.9,8.4,16.8,0.498,2.1,5.1,0.411,6.3,11.7,0.536,0.56,2.6,3.3,0.81,0.9,5.0,5.9,3.1,1.6,0.5,1.9,1.5,21.5,,20.5,0.589,0.305,0.194,3.4,17.4,10.5,16.4,2.5,1.4,9.6,27.7,1.5,1.9,3.5,0.141,2.5,0.6,3.1,1.5,2025,14,0,0,0,0,0,0,0,0,49205800,149505800,0,50000000,100300000
134.0,Keegan Murray,24.0,SAC,PF,76.0,76.0,34.3,4.8,10.8,0.444,2.0,5.9,0.343,2.8,4.9,0.566,0.538,0.8,0.9,0.833,1.9,4.8,6.7,1.4,0.8,0.9,0.8,2.4,12.4,,12.0,0.553,0.548,0.088,6.3,15.5,10.9,5.6,1.1,2.6,6.6,15.0,2.4,2.1,4.4,0.082,-0.8,-0.8,-1.6,0.2,2025,3,0,0,0,0,0,0,0,0,8809560,19953653,0,11144093,11144093
213.0,Kel'el Ware,20.0,MIA,C,64.0,36.0,22.2,4.0,7.3,0.554,0.5,1.7,0.315,3.5,5.5,0.629,0.592,0.7,1.0,0.687,1.8,5.6,7.4,0.9,0.6,1.1,0.9,1.7,9.3,ROY-6,17.4,0.603,0.239,0.144,9.1,27.5,18.4,6.5,1.4,4.8,10.4,17.2,1.7,2.5,4.1,0.14,-0.7,0.6,-0.1,0.7,2025,1,1,0,0,0,0,0,0,0,4231800,8675160,0,4443360,4443360
129.0,Keldon Johnson,25.0,SAS,SF,77.0,0.0,23.9,4.8,10.0,0.482,1.1,3.6,0.318,3.7,6.4,0.573,0.538,1.9,2.5,0.773,1.5,3.4,4.8,1.6,0.6,0.3,1.0,1.5,12.7,,15.6,0.572,0.356,0.252,6.5,15.1,10.8,10.2,1.3,1.1,8.3,21.6,2.2,1.0,3.2,0.083,0.0,-1.6,-1.6,0.2,2025,6,0,0,0,0,0,0,0,0,19000000,54000000,0,17500000,35000000
236.0,Kelly Olynyk,33.0,NOP,C,44.0,22.0,20.3,3.0,6.1,0.5,0.8,1.8,0.418,2.3,4.3,0.534,0.562,1.9,2.5,0.769,1.4,3.3,4.7,2.9,0.8,0.4,1.7,2.8,8.7,,14.9,0.609,0.295,0.403,7.3,17.9,12.4,20.5,1.8,2.0,19.4,18.5,1.0,0.7,1.7,0.092,-1.1,0.4,-0.7,0.3,2025,12,0,0,0,0,0,0,0,0,12804878,26250000,0,13445122,13445122
94.0,Kelly Oubre Jr.,29.0,PHI,SF,60.0,57.0,34.6,5.8,12.4,0.47,1.2,4.0,0.293,4.6,8.3,0.555,0.518,2.3,3.1,0.751,1.6,4.5,6.1,1.8,1.5,0.5,1.3,3.0,15.1,,13.5,0.551,0.327,0.25,5.1,15.4,10.0,7.9,2.2,1.4,8.9,18.9,1.2,1.4,2.6,0.061,-1.7,-0.6,-2.3,-0.1,2025,10,0,0,0,0,0,0,0,0,7983000,7983000,0,8382150,8382150
333.0,Kenrich Williams,30.0,OKC,PF,69.0,7.0,16.4,2.5,5.1,0.483,1.0,2.5,0.386,1.5,2.7,0.574,0.576,0.4,0.6,0.718,0.9,2.6,3.5,1.4,0.6,0.1,0.6,1.6,6.3,,13.7,0.587,0.483,0.11,6.3,16.3,11.4,11.0,1.8,0.9,9.5,15.4,1.6,1.9,3.6,0.151,-0.4,0.9,0.6,0.7,2025,7,0,0,0,0,0,0,0,0,6669000,13832000,0,7163000,7163000
239.0,Kentavious Caldwell-Pope,31.0,ORL,SG,77.0,77.0,29.6,3.1,7.1,0.439,1.5,4.3,0.342,1.6,2.8,0.589,0.543,1.1,1.2,0.863,0.4,1.8,2.2,1.8,1.3,0.4,0.8,1.8,8.7,,9.9,0.574,0.607,0.175,1.6,7.2,4.3,8.7,2.2,1.4,9.6,12.4,1.5,3.1,4.6,0.096,-3.0,1.6,-1.4,0.3,2025,12,0,0,0,0,0,0,0,0,22757000,44378500,0,21621500,21621500
257.0,Keon Ellis,25.0,SAC,SG,80.0,28.0,24.4,2.8,5.8,0.489,1.7,4.0,0.433,1.1,1.8,0.615,0.639,0.9,1.1,0.849,0.8,1.9,2.7,1.5,1.5,0.8,0.9,2.2,8.3,,13.5,0.664,0.692,0.185,3.4,8.8,6.1,8.0,3.0,3.2,12.4,12.7,2.7,2.2,5.0,0.122,-0.1,2.0,1.9,1.9,2025,3,0,0,0,0,0,0,0,0,2120693,2120693,0,2301587,2301587
170.0,Keon Johnson,22.0,BRK,SG,79.0,56.0,24.4,3.8,9.9,0.389,1.6,5.1,0.314,2.2,4.8,0.468,0.47,1.4,1.8,0.77,0.8,3.0,3.8,2.2,1.0,0.4,1.5,2.6,10.6,,10.4,0.499,0.515,0.178,3.5,14.5,8.8,14.6,2.1,1.5,12.1,21.7,-1.3,1.9,0.5,0.014,-3.1,-0.1,-3.3,-0.6,2025,4,0,0,0,0,0,0,0,0,2162606,2162606,0,2349578,2349578
477.0,Keshad Johnson,23.0,MIA,SF,16.0,0.0,6.1,1.1,1.6,0.692,0.2,0.4,0.429,0.9,1.2,0.789,0.75,0.3,0.6,0.444,0.4,1.4,1.8,0.3,0.3,0.3,0.3,0.7,2.7,,19.1,0.718,0.269,0.346,6.8,24.6,15.8,6.3,2.5,3.9,11.8,15.4,0.2,0.2,0.4,0.181,-1.0,0.9,-0.1,0.0,2025,1,0,0,0,0,0,0,0,0,724883,724883,0,1955377,1955377
7.0,Kevin Durant,36.0,PHO,PF,62.0,62.0,36.5,9.5,18.1,0.527,2.6,6.0,0.43,7.0,12.1,0.574,0.598,4.9,5.8,0.839,0.4,5.7,6.0,4.2,0.8,1.2,3.1,1.7,26.6,AS,21.2,0.642,0.331,0.321,1.2,16.9,9.2,19.6,1.1,3.2,12.9,28.7,4.0,1.2,5.2,0.111,3.9,-0.7,3.2,3.0,2025,18,1,1,0,0,0,0,0,0,51179021,105887630,0,54708609,54708609
193.0,Kevin Huerter,26.0,CHI,SG,69.0,31.0,24.3,3.7,8.8,0.425,1.9,5.7,0.338,1.8,3.1,0.587,0.535,0.5,0.7,0.714,0.4,2.5,3.0,2.3,1.0,0.3,1.0,1.8,9.9,,11.3,0.544,0.647,0.081,2.0,11.3,6.7,12.6,1.9,1.3,9.7,17.5,0.6,1.3,1.9,0.054,-1.8,-0.2,-2.0,0.0,2025,7,0,0,0,0,0,0,0,0,16830357,34821428,0,17991071,17991071
371.0,Kevin Love,36.0,MIA,PF,23.0,9.0,10.9,1.8,5.0,0.357,1.0,2.9,0.358,0.7,2.1,0.354,0.461,0.7,1.0,0.696,1.0,3.1,4.1,1.0,0.7,0.2,0.6,0.9,5.3,,16.2,0.488,0.583,0.2,9.8,31.4,20.7,13.1,3.0,1.5,10.1,24.6,-0.1,0.5,0.4,0.083,-0.3,0.7,0.4,0.2,2025,17,0,0,0,0,0,0,0,0,3850000,8000000,0,4150000,4150000
80.0,Keyonte George,21.0,UTA,PG,67.0,35.0,31.5,5.4,13.7,0.391,2.6,7.6,0.343,2.8,6.1,0.449,0.485,3.5,4.3,0.818,0.4,3.4,3.8,5.6,0.7,0.1,2.7,1.7,16.8,,12.9,0.539,0.552,0.31,1.3,11.5,6.5,26.9,1.0,0.4,14.9,24.3,0.9,0.1,1.1,0.024,-0.2,-2.5,-2.7,-0.3,2025,2,0,0,0,0,0,0,0,0,4084200,8363160,0,4278960,4278960
148.0,Khris Middleton,33.0,WAS,SF,37.0,21.0,22.8,4.3,9.1,0.475,1.3,3.6,0.361,3.0,5.5,0.549,0.546,1.9,2.3,0.857,0.4,3.4,3.7,4.1,0.9,0.2,1.5,2.0,11.9,,16.7,0.588,0.395,0.249,1.7,15.4,8.7,26.8,2.0,0.9,13.0,22.0,1.2,0.8,2.0,0.116,0.4,0.3,0.7,0.6,2025,13,0,0,0,0,0,0,0,0,31000000,31000000,0,33296296,33296296
114.0,Klay Thompson,34.0,DAL,SF,72.0,72.0,27.3,5.0,12.2,0.412,3.0,7.7,0.391,2.0,4.5,0.448,0.535,0.9,1.0,0.905,0.6,2.8,3.4,2.0,0.7,0.4,1.2,1.1,14.0,,12.9,0.552,0.631,0.084,2.5,11.0,6.8,10.7,1.2,1.3,8.8,21.8,0.7,1.1,1.8,0.045,0.7,-1.6,-1.0,0.5,2025,14,0,0,0,0,0,0,0,0,15873016,50000000,0,16666667,34126984
506.0,Kobe Brown,25.0,LAC,PF,40.0,0.0,6.8,0.8,1.8,0.458,0.2,0.7,0.231,0.7,1.2,0.587,0.5,0.1,0.2,0.714,0.5,1.2,1.6,0.6,0.2,0.1,0.3,0.6,1.9,,10.8,0.513,0.361,0.097,8.0,18.9,13.5,11.9,1.3,1.5,13.8,14.0,0.1,0.4,0.5,0.085,-2.5,0.4,-2.1,0.0,2025,2,0,0,0,0,0,0,0,0,2533920,5188800,0,2654880,2654880
368.0,Kobe Bufkin,21.0,ATL,SG,10.0,0.0,12.4,1.8,4.7,0.383,0.4,1.9,0.211,1.4,2.8,0.5,0.426,1.3,1.8,0.722,0.5,1.6,2.1,1.7,0.3,0.2,0.8,0.9,5.3,,10.5,0.483,0.404,0.383,4.3,14.5,9.3,18.2,1.1,1.5,12.7,20.8,0.0,0.1,0.0,0.018,-3.4,-0.5,-4.0,-0.1,2025,2,0,0,0,0,0,0,0,0,4299000,8802720,0,4503720,4503720
327.0,Kris Dunn,30.0,LAC,PG,74.0,58.0,24.1,2.6,5.9,0.439,1.0,3.0,0.335,1.6,2.9,0.549,0.525,0.2,0.3,0.682,0.7,2.7,3.4,2.8,1.7,0.4,1.0,2.7,6.4,,11.3,0.531,0.513,0.05,3.4,12.4,8.0,15.6,3.5,1.5,14.2,12.7,0.8,3.2,4.0,0.108,-2.8,3.4,0.6,1.2,2025,9,0,0,0,0,0,0,0,0,5168000,10594400,0,5426400,5426400
416.0,Kris Murray,24.0,POR,SF,69.0,6.0,15.1,1.7,4.0,0.419,0.4,1.7,0.225,1.3,2.3,0.566,0.468,0.4,0.8,0.456,1.1,1.5,2.6,1.0,0.5,0.2,0.6,1.0,4.2,,9.1,0.472,0.43,0.204,7.7,11.3,9.5,9.0,1.6,1.5,12.4,13.9,-0.2,0.9,0.7,0.033,-3.1,0.1,-3.0,-0.3,2025,2,0,0,0,0,0,0,0,0,2990040,6122040,0,3132000,3132000
51.0,Kristaps Porziņģis,29.0,BOS,C,42.0,42.0,28.8,6.6,13.7,0.483,2.5,6.0,0.412,4.1,7.7,0.537,0.572,3.8,4.7,0.809,1.6,5.1,6.8,2.1,0.7,1.5,1.3,2.8,19.5,,22.3,0.618,0.436,0.347,6.1,19.3,12.8,11.4,1.3,4.8,7.4,25.9,3.3,2.0,5.3,0.212,3.5,1.2,4.7,2.1,2025,10,0,0,0,0,0,0,0,0,29268293,60000000,0,30731707,30731707
349.0,Kyle Anderson,31.0,MIA,PF,61.0,4.0,16.4,2.3,5.0,0.469,0.4,1.1,0.357,1.9,3.8,0.502,0.51,0.8,1.1,0.738,0.9,2.5,3.4,2.4,0.7,0.5,0.6,1.3,5.9,,15.1,0.538,0.231,0.215,5.7,16.8,11.2,20.7,2.0,3.1,10.0,15.9,1.3,1.5,2.8,0.135,-0.6,2.2,1.5,0.9,2025,11,0,0,0,0,0,0,0,0,8780488,18000000,0,9219512,9219512
202.0,Kyle Filipowski,21.0,UTA,C,72.0,27.0,21.1,3.6,7.2,0.502,1.1,3.1,0.35,2.5,4.1,0.614,0.576,1.3,2.0,0.65,1.6,4.6,6.1,1.9,0.7,0.3,1.4,2.4,9.6,,14.9,0.594,0.425,0.276,8.0,23.1,15.6,13.9,1.5,1.4,14.9,18.7,1.5,1.0,2.5,0.078,-0.6,-0.3,-1.0,0.4,2025,1,0,0,0,0,0,0,0,0,3000000,6000000,0,3000000,3000000
96.0,Kyle Kuzma,29.0,MIL,PF,65.0,62.0,29.8,5.7,13.0,0.436,1.5,4.8,0.307,4.2,8.2,0.512,0.493,2.0,3.1,0.634,0.8,4.9,5.7,2.3,0.6,0.3,2.2,1.8,14.8,,10.6,0.514,0.369,0.238,3.0,17.1,10.2,12.1,0.9,0.9,13.5,24.0,-2.3,1.3,-0.9,-0.024,-2.9,-2.0,-4.9,-1.4,2025,8,0,0,0,0,0,0,0,0,24456061,67211818,0,22410605,42755757
242.0,Kyshawn George,21.0,WAS,SG,68.0,38.0,26.5,3.0,8.0,0.372,1.7,5.2,0.322,1.3,2.8,0.464,0.476,1.0,1.4,0.753,0.7,3.5,4.2,2.5,1.0,0.7,1.4,3.0,8.7,,8.8,0.503,0.648,0.17,2.8,13.7,8.2,13.3,1.8,2.5,14.2,15.9,-0.9,1.1,0.1,0.003,-3.8,-0.3,-4.1,-0.9,2025,1,0,0,0,0,0,0,0,0,2825520,5792280,0,2966760,2966760
13.0,LaMelo Ball,23.0,CHO,PG,47.0,47.0,32.0,8.6,21.3,0.405,3.8,11.2,0.339,4.8,10.1,0.478,0.494,4.1,4.9,0.843,1.0,3.9,4.9,7.4,1.1,0.3,3.6,3.3,25.2,,19.1,0.536,0.526,0.228,3.3,13.4,8.2,43.8,1.8,0.8,13.1,35.9,0.9,1.1,2.0,0.065,4.1,-0.9,3.2,2.0,2025,5,0,0,0,0,0,0,0,0,35147000,203852600,0,37958760,168705600
58.0,Lauri Markkanen,27.0,UTA,PF,47.0,47.0,31.4,6.3,14.9,0.423,2.9,8.5,0.346,3.4,6.4,0.525,0.521,3.4,3.9,0.876,1.5,4.4,5.9,1.5,0.7,0.4,1.4,1.7,19.0,,15.6,0.571,0.57,0.264,5.3,14.9,10.1,7.5,1.1,1.1,7.8,24.0,1.8,0.3,2.2,0.07,1.8,-2.1,-0.3,0.7,2025,8,0,0,0,0,0,0,0,0,42176400,238044544,0,46394100,195868144
19.0,LeBron James,40.0,LAL,SF,70.0,70.0,34.9,9.3,18.1,0.513,2.1,5.7,0.376,7.2,12.5,0.574,0.571,3.7,4.7,0.782,1.0,6.8,7.8,8.2,1.0,0.6,3.7,1.4,24.4,"MVP-6,CPOY-7,AS,NBA2",22.7,0.604,0.312,0.261,3.4,21.2,12.6,40.3,1.4,1.5,15.5,30.1,4.9,2.8,7.7,0.152,4.9,0.7,5.6,4.7,2025,22,4,1,0,0,1,0,0,0,48728845,48728845,0,52627153,52627153
530.0,Leonard Miller,21.0,MIN,SF,13.0,0.0,2.5,0.5,1.2,0.4,0.0,0.4,0.0,0.5,0.8,0.6,0.4,0.6,0.6,1.0,0.2,0.6,0.8,0.0,0.2,0.1,0.2,0.2,1.5,,19.9,0.54,0.333,0.533,10.6,27.3,19.1,0.0,3.1,2.9,9.7,27.8,0.0,0.1,0.1,0.145,-3.4,-0.3,-3.7,0.0,2025,2,0,0,0,0,0,0,0,0,1891857,1891857,0,2221677,0
272.0,Lonzo Ball,27.0,CHI,PG,35.0,14.0,22.2,2.5,6.9,0.366,1.9,5.6,0.344,0.6,1.4,0.458,0.504,0.6,0.8,0.815,0.7,2.7,3.4,3.3,1.3,0.5,1.2,1.6,7.6,,12.2,0.524,0.802,0.111,3.4,12.3,8.0,18.9,2.8,1.9,13.9,15.9,0.3,0.9,1.2,0.075,-1.5,1.7,0.2,0.4,2025,8,0,0,0,0,0,0,0,0,21395348,31395348,0,10000000,10000000
186.0,Luguentz Dort,25.0,OKC,SF,71.0,71.0,29.2,3.6,8.4,0.435,2.4,5.8,0.412,1.2,2.5,0.489,0.578,0.5,0.6,0.717,1.3,2.9,4.1,1.6,1.1,0.5,0.7,2.9,10.1,"DPOY-4,DEF1",11.3,0.586,0.696,0.078,4.7,10.3,7.6,6.9,1.8,1.9,7.7,13.6,2.4,3.2,5.6,0.129,-0.6,0.8,0.2,1.2,2025,6,2,0,0,0,0,0,1,0,16500000,34222222,0,17722222,17722222
4.0,Luka Dončić,25.0,LAL,PG,50.0,50.0,35.4,9.2,20.5,0.45,3.5,9.6,0.368,5.7,10.9,0.522,0.536,6.2,7.9,0.782,0.8,7.4,8.2,7.7,1.8,0.4,3.6,2.5,28.2,,24.1,0.587,0.469,0.385,2.6,22.6,12.8,36.1,2.5,1.1,13.0,33.9,3.5,2.4,5.9,0.16,5.5,1.2,6.7,3.9,2025,7,0,0,0,0,0,0,0,0,43031940,89031600,0,45999660,45999660
342.0,Luke Kornet,29.0,BOS,C,73.0,16.0,18.6,2.6,3.8,0.668,0.0,0.0,0.0,2.6,3.8,0.675,0.668,0.9,1.3,0.691,2.6,2.7,5.3,1.6,0.5,1.0,0.4,1.6,6.0,,19.6,0.683,0.011,0.346,15.2,15.8,15.5,11.9,1.3,4.8,8.8,11.4,4.8,2.2,7.0,0.246,1.6,1.7,3.3,1.8,2025,8,0,0,0,0,0,0,0,0,2087519,2087519,1,11000000,24000000
381.0,Malaki Branham,21.0,SAS,SG,47.0,0.0,9.1,1.9,4.0,0.458,0.7,1.8,0.405,1.1,2.3,0.5,0.547,0.6,0.7,0.818,0.1,0.9,1.1,0.8,0.2,0.0,0.7,0.6,5.0,,12.0,0.575,0.442,0.174,1.8,11.1,6.4,13.4,1.2,0.4,14.3,23.8,-0.1,0.2,0.1,0.007,-1.2,-1.9,-3.2,-0.1,2025,3,0,0,0,0,0,0,0,0,3217920,8179953,0,4962033,4962033
75.0,Malik Monk,26.0,SAC,SG,65.0,45.0,31.6,6.3,14.4,0.439,2.1,6.6,0.325,4.2,7.9,0.534,0.513,2.4,2.7,0.865,0.5,3.3,3.8,5.6,0.9,0.6,2.4,2.4,17.2,,15.0,0.549,0.456,0.19,1.6,11.7,6.7,25.7,1.5,1.8,13.5,24.6,1.3,1.4,2.8,0.065,0.3,-1.1,-0.8,0.6,2025,8,0,0,0,0,0,0,0,0,17405203,56392857,0,18797619,38987654
316.0,Marcus Sasser,24.0,DET,PG,57.0,1.0,14.2,2.4,5.2,0.463,1.0,2.7,0.382,1.4,2.5,0.549,0.561,0.8,0.9,0.843,0.3,0.9,1.2,2.3,0.6,0.1,0.9,1.3,6.6,,14.0,0.589,0.514,0.172,2.5,6.9,4.7,22.9,2.2,0.5,14.5,19.4,1.0,0.8,1.8,0.108,-0.4,-0.2,-0.6,0.3,2025,2,0,0,0,0,0,0,0,0,2755080,5641800,0,2886720,2886720
223.0,Marcus Smart,30.0,WAS,PG,34.0,7.0,20.0,3.0,7.6,0.393,1.4,4.1,0.348,1.5,3.4,0.448,0.488,1.6,2.1,0.761,0.5,1.6,2.1,3.2,1.1,0.3,1.6,1.6,9.0,,12.4,0.529,0.549,0.276,2.8,8.3,5.6,21.7,2.7,1.2,15.8,20.6,0.1,0.6,0.7,0.051,-1.6,0.1,-1.5,0.1,2025,11,0,0,0,0,0,0,0,0,20210284,41797139,0,21586855,21586855
93.0,Mark Williams,23.0,CHO,C,44.0,41.0,26.6,6.1,10.2,0.604,0.0,0.1,0.0,6.1,10.1,0.609,0.604,3.0,3.7,0.804,3.0,7.2,10.2,2.5,0.7,1.2,1.6,2.4,15.3,,23.9,0.647,0.009,0.365,11.8,29.3,20.3,16.5,1.3,4.5,12.0,21.4,3.1,1.6,4.7,0.195,2.5,0.9,3.5,1.6,2025,3,0,0,0,0,0,0,0,0,4094280,10370811,0,6276531,6276531
246.0,Matas Buzelis,20.0,CHI,SF,80.0,31.0,18.9,3.2,6.9,0.454,1.2,3.3,0.361,2.0,3.6,0.54,0.541,1.1,1.4,0.815,0.7,2.8,3.5,1.0,0.4,0.9,0.9,1.6,8.6,ROY-7,12.5,0.571,0.479,0.195,3.9,15.2,9.6,7.2,0.9,4.3,10.9,18.7,0.5,1.4,1.9,0.06,-2.0,-0.5,-2.5,-0.2,2025,1,1,0,0,0,0,0,0,0,5195520,10651080,0,5455560,5455560
275.0,Matisse Thybulle,27.0,POR,SG,15.0,5.0,20.8,2.8,5.9,0.477,1.4,3.2,0.438,1.4,2.7,0.525,0.597,0.5,1.0,0.467,0.9,2.5,3.5,1.9,2.2,0.6,0.9,0.9,7.5,,17.0,0.592,0.545,0.17,4.7,13.6,9.0,12.7,5.1,2.6,12.1,14.4,0.4,0.6,0.9,0.146,0.0,5.1,5.0,0.6,2025,6,0,0,0,0,0,0,0,0,11025000,11025000,0,11550000,11550000
201.0,Max Christie,21.0,DAL,SG,78.0,36.0,27.3,3.2,7.6,0.427,1.5,4.0,0.366,1.8,3.5,0.496,0.525,1.7,1.9,0.855,0.5,2.8,3.3,1.9,0.8,0.4,1.1,1.5,9.6,,10.4,0.57,0.532,0.258,2.0,11.2,6.7,9.2,1.5,1.3,11.8,15.2,1.1,1.6,2.7,0.06,-2.1,-0.5,-2.5,-0.3,2025,3,0,0,0,0,0,0,0,0,7142857,23142857,0,7714286,16000000
209.0,Max Strus,28.0,CLE,SF,50.0,37.0,25.5,3.3,7.5,0.442,2.3,5.9,0.386,1.0,1.6,0.65,0.594,0.6,0.7,0.824,1.1,3.3,4.3,3.2,0.5,0.2,1.1,2.1,9.4,,12.6,0.607,0.786,0.091,4.6,13.6,9.2,15.6,1.0,0.9,12.2,14.7,2.2,1.3,3.4,0.13,1.1,0.2,1.3,1.1,2025,6,0,0,0,0,0,0,0,0,15212068,47809356,0,15936452,32597288
467.0,Maxi Kleber,33.0,DAL,PF,34.0,4.0,18.7,1.1,2.8,0.385,0.4,1.4,0.265,0.7,1.4,0.511,0.453,0.5,0.6,0.762,0.7,2.1,2.8,1.3,0.3,0.5,0.7,1.9,3.0,,5.6,0.489,0.51,0.219,4.4,11.7,8.1,8.3,0.7,2.3,17.9,8.7,0.0,0.4,0.3,0.023,-4.2,0.4,-3.8,-0.3,2025,8,0,0,0,0,0,0,0,0,11000000,22000000,0,11000000,11000000
67.0,Michael Porter Jr.,26.0,DEN,SF,77.0,77.0,33.7,6.9,13.6,0.504,2.5,6.4,0.395,4.4,7.3,0.599,0.596,1.9,2.5,0.768,1.8,5.2,7.0,2.1,0.6,0.5,1.4,2.0,18.2,,16.2,0.617,0.467,0.185,6.1,16.2,11.4,8.7,0.9,1.3,8.4,20.2,4.6,1.8,6.4,0.118,1.6,-1.7,-0.1,1.2,2025,6,0,0,0,0,0,0,0,0,35859950,86193000,0,38333050,50333050
71.0,Mikal Bridges,28.0,NYK,SF,82.0,82.0,37.0,7.2,14.4,0.5,2.0,5.6,0.354,5.2,8.8,0.594,0.57,1.2,1.4,0.814,0.9,2.3,3.2,3.7,0.9,0.5,1.6,1.5,17.6,,14.0,0.585,0.391,0.1,2.7,7.0,4.9,14.4,1.2,1.3,9.7,19.6,3.7,2.0,5.7,0.09,0.4,-0.9,-0.5,1.2,2025,7,0,0,0,0,0,0,0,0,23300000,48200000,0,24900000,24900000
259.0,Mike Conley,37.0,MIN,PG,71.0,64.0,24.7,2.6,6.6,0.4,1.8,4.4,0.41,0.8,2.2,0.38,0.535,1.1,1.3,0.9,0.5,2.1,2.6,4.5,1.1,0.2,1.1,1.6,8.2,,13.3,0.573,0.662,0.192,2.1,9.3,5.7,24.5,2.2,0.7,12.9,14.4,3.0,2.2,5.2,0.142,-0.1,1.3,1.2,1.4,2025,18,0,0,0,0,0,0,0,0,9975962,20750000,0,10774038,10774038
48.0,Miles Bridges,26.0,CHO,PF,64.0,64.0,31.7,7.3,17.0,0.431,2.2,7.0,0.313,5.1,10.0,0.513,0.495,3.5,4.0,0.87,1.1,6.4,7.5,3.9,0.7,0.7,2.1,1.5,20.3,,17.7,0.541,0.413,0.233,3.7,21.9,12.6,21.7,1.1,2.2,10.2,28.0,1.3,1.8,3.2,0.075,2.3,-0.5,1.8,2.0,2025,7,0,0,0,0,0,0,0,0,27173913,75000000,0,25000000,47826087
204.0,Miles McBride,24.0,NYK,SG,64.0,10.0,24.9,3.5,8.5,0.406,1.8,4.9,0.369,1.7,3.7,0.455,0.511,0.8,1.0,0.813,0.7,1.8,2.5,2.9,1.0,0.3,0.6,1.7,9.5,,12.6,0.531,0.57,0.117,3.4,8.1,5.8,15.6,2.1,1.0,6.7,16.8,1.8,1.4,3.2,0.098,-0.4,0.4,0.0,0.8,2025,4,0,0,0,0,0,0,0,0,4710144,13000000,0,4333333,8289856
378.0,Mitchell Robinson,26.0,NYK,C,17.0,3.0,17.1,2.2,3.3,0.661,0.0,0.0,,2.2,3.3,0.661,0.661,0.8,1.1,0.684,3.1,2.9,5.9,0.8,0.9,1.1,0.6,1.5,5.1,,20.4,0.676,0.0,0.339,20.8,19.2,20.0,5.9,2.7,5.8,13.4,11.1,0.8,0.5,1.3,0.221,1.5,1.8,3.3,0.4,2025,7,0,0,0,0,0,0,0,0,14318182,27272728,0,12954546,12954546
126.0,Moritz Wagner,27.0,ORL,C,30.0,1.0,18.8,4.7,8.3,0.562,0.9,2.5,0.36,3.8,5.8,0.649,0.616,2.6,3.7,0.718,1.3,3.6,4.9,1.4,0.8,0.4,1.6,1.8,12.9,,22.3,0.649,0.301,0.442,7.7,23.1,15.0,13.7,2.1,2.0,14.1,26.8,1.0,1.0,2.0,0.174,2.6,1.4,4.0,0.9,2025,7,0,0,0,0,0,0,0,0,11000000,11000000,0,5000000,5000000
199.0,Moses Moody,22.0,GSW,SG,74.0,34.0,22.3,3.3,7.7,0.433,1.7,4.6,0.374,1.6,3.1,0.519,0.544,1.4,1.8,0.797,0.7,1.9,2.6,1.3,0.8,0.4,0.7,1.6,9.8,,12.4,0.578,0.593,0.234,3.3,9.2,6.2,8.3,1.7,1.8,7.9,17.4,1.7,1.8,3.5,0.102,-0.9,0.0,-0.9,0.5,2025,4,0,0,0,0,0,0,0,0,5803269,43303269,0,11574075,37500000
341.0,Mouhamed Gueye,22.0,ATL,PF,33.0,28.0,16.2,2.2,5.2,0.421,0.6,2.5,0.259,1.5,2.7,0.567,0.482,1.0,1.3,0.762,1.3,2.9,4.2,0.8,0.8,1.0,0.5,1.7,6.0,,14.4,0.52,0.474,0.246,8.8,20.0,14.3,6.6,2.5,5.7,7.3,15.7,0.4,0.8,1.2,0.106,-1.6,1.0,-0.6,0.2,2025,2,0,0,0,0,0,0,0,0,1891857,1891857,0,2221677,0
358.0,Moussa Diabaté,23.0,CHO,C,71.0,8.0,17.5,2.4,3.9,0.596,0.0,0.1,0.0,2.4,3.9,0.609,0.596,1.0,1.6,0.595,2.6,3.5,6.2,0.8,0.6,0.6,0.9,1.5,5.7,,16.5,0.609,0.021,0.414,15.7,22.0,18.8,6.8,1.8,3.2,15.6,13.4,1.8,1.5,3.2,0.125,-1.4,-0.4,-1.9,0.0,2025,3,0,0,0,0,0,0,0,0,957763,957763,0,2270735,0
121.0,Naji Marshall,27.0,DAL,SF,69.0,31.0,27.8,5.2,10.3,0.508,0.9,3.2,0.275,4.4,7.2,0.611,0.551,1.9,2.3,0.813,1.1,3.7,4.8,3.0,1.0,0.2,1.6,1.6,13.2,,15.1,0.584,0.306,0.225,4.4,14.0,9.3,15.8,1.8,0.5,12.5,20.0,2.0,1.5,3.5,0.087,-0.3,-0.5,-0.8,0.6,2025,5,0,0,0,0,0,0,0,0,8571429,27000000,0,9000000,18428571
382.0,Neemias Queta,25.0,BOS,C,62.0,6.0,13.9,2.1,3.3,0.65,0.0,0.0,0.0,2.1,3.2,0.66,0.65,0.7,1.0,0.754,1.4,2.4,3.8,0.7,0.3,0.7,0.6,1.7,5.0,,16.3,0.674,0.015,0.3,11.2,18.5,14.9,7.4,1.0,4.5,14.8,13.7,1.8,1.4,3.2,0.179,-1.7,1.0,-0.7,0.3,2025,4,0,0,0,0,0,0,0,0,2162606,2162606,0,2349578,0
179.0,Nic Claxton,25.0,BRK,C,70.0,62.0,26.9,4.6,8.1,0.563,0.1,0.3,0.238,4.5,7.8,0.576,0.568,1.1,2.2,0.513,2.2,5.1,7.4,2.2,0.9,1.4,1.2,2.1,10.3,,16.5,0.569,0.037,0.271,9.0,22.7,15.5,13.7,1.6,5.3,12.0,16.8,1.8,2.5,4.3,0.11,-1.1,1.5,0.4,1.1,2025,6,0,0,0,0,0,0,0,0,27556817,97000000,0,25352272,69443183
212.0,Nick Richards,27.0,PHO,C,57.0,43.0,22.0,3.6,6.1,0.591,0.0,0.0,0.0,3.6,6.1,0.594,0.591,2.1,2.8,0.744,2.6,5.6,8.2,0.9,0.2,1.0,1.4,2.5,9.3,,16.6,0.634,0.006,0.461,13.1,27.5,20.4,5.9,0.5,4.2,16.3,17.3,1.8,1.2,3.0,0.114,-2.0,-1.3,-3.3,-0.4,2025,5,0,0,0,0,0,0,0,0,5000000,5000000,0,5000000,0
197.0,Nick Smith Jr.,20.0,CHO,SG,60.0,27.0,22.8,3.7,9.5,0.391,1.7,5.1,0.34,2.0,4.4,0.45,0.482,0.7,0.8,0.935,0.2,1.9,2.1,2.4,0.3,0.1,1.4,1.3,9.9,,8.3,0.502,0.539,0.081,1.0,9.1,5.0,16.7,0.6,0.4,12.2,20.8,-0.9,0.3,-0.5,-0.019,-3.2,-2.6,-5.7,-1.3,2025,2,0,0,0,0,0,0,0,0,2587200,5297880,0,2710680,2710680
3.0,Nikola Jokić,29.0,DEN,C,70.0,70.0,36.7,11.2,19.5,0.576,2.0,4.7,0.417,9.3,14.8,0.627,0.627,5.2,6.4,0.8,2.9,9.9,12.7,10.2,1.8,0.6,3.3,2.3,29.6,"MVP-2,CPOY-2,AS,NBA1",32.0,0.663,0.243,0.331,9.0,28.2,19.1,44.1,2.4,1.6,12.8,29.5,12.7,3.8,16.4,0.307,9.9,3.3,13.3,9.8,2025,10,4,1,0,1,0,0,0,0,51415938,165673578,0,55224526,114257640
168.0,Nikola Jović,21.0,MIA,PF,46.0,10.0,25.1,3.7,8.2,0.456,1.7,4.6,0.371,2.0,3.6,0.563,0.56,1.6,1.9,0.828,0.6,3.3,3.9,2.8,0.8,0.3,1.3,1.8,10.7,,13.8,0.595,0.557,0.231,2.5,14.6,8.6,16.6,1.6,1.1,12.6,18.3,1.2,1.3,2.5,0.104,-0.3,0.6,0.3,0.7,2025,3,0,0,0,0,0,0,0,0,2464200,6909617,0,4445417,4445417
65.0,Nikola Vučević,34.0,CHI,C,73.0,72.0,31.2,7.5,14.2,0.53,1.8,4.4,0.402,5.8,9.8,0.587,0.592,1.6,2.0,0.805,2.4,7.6,10.1,3.5,0.8,0.7,1.6,2.2,18.5,,20.3,0.611,0.309,0.144,8.3,25.2,16.9,17.1,1.2,2.0,9.7,22.4,4.7,2.6,7.3,0.153,2.5,0.1,2.6,2.7,2025,14,0,0,0,0,0,0,0,0,20000000,41481481,0,21481481,21481481
216.0,Noah Clowney,20.0,BRK,PF,46.0,20.0,22.7,2.9,8.1,0.358,1.9,5.7,0.333,1.0,2.4,0.414,0.474,1.5,1.7,0.838,0.9,3.0,3.9,0.9,0.5,0.5,1.0,2.3,9.1,,9.2,0.516,0.702,0.215,4.5,15.8,9.9,5.9,1.1,2.0,10.2,19.0,-0.3,0.8,0.5,0.023,-3.1,-1.0,-4.1,-0.5,2025,2,0,0,0,0,0,0,0,0,3244080,6642720,0,3398640,3398640
36.0,Norman Powell,31.0,LAC,SG,60.0,60.0,32.6,7.6,15.8,0.484,3.0,7.1,0.418,4.6,8.6,0.538,0.578,3.6,4.4,0.804,0.4,2.8,3.2,2.1,1.2,0.2,1.8,1.9,21.8,,17.5,0.615,0.453,0.28,1.2,9.6,5.5,10.2,1.8,0.5,9.2,26.1,2.9,2.3,5.3,0.129,1.7,-0.2,1.5,1.8,2025,10,0,0,0,0,0,0,0,0,19241379,39724137,0,20482758,20482758
70.0,OG Anunoby,27.0,NYK,PF,74.0,74.0,36.6,6.6,13.9,0.476,2.3,6.2,0.372,4.3,7.7,0.561,0.559,2.5,3.1,0.81,1.3,3.5,4.8,2.2,1.5,0.9,1.4,2.3,18.0,,15.4,0.591,0.448,0.22,4.2,11.0,7.6,8.5,2.0,2.2,8.3,19.7,3.7,2.8,6.5,0.116,0.7,0.1,0.7,1.9,2025,8,0,0,0,0,0,0,0,0,36637932,164137932,0,39568966,127500000
172.0,Obi Toppin,26.0,IND,PF,79.0,4.0,19.6,4.0,7.6,0.529,1.4,3.8,0.365,2.6,3.8,0.695,0.621,1.1,1.4,0.781,0.7,3.3,4.0,1.6,0.6,0.4,0.9,1.4,10.5,,17.4,0.642,0.503,0.19,4.1,18.7,11.5,11.9,1.4,1.6,9.5,20.1,2.7,1.6,4.3,0.135,1.8,-0.1,1.7,1.4,2025,5,0,0,0,0,0,0,0,0,12975000,58000000,0,14000000,45025000
174.0,Ochai Agbaji,24.0,TOR,SG,64.0,45.0,27.2,4.2,8.3,0.498,1.6,4.0,0.399,2.6,4.4,0.587,0.593,0.5,0.8,0.708,1.0,2.8,3.8,1.5,0.9,0.5,0.8,2.0,10.4,,12.0,0.601,0.474,0.09,3.7,11.4,7.5,7.9,1.6,1.6,8.9,14.6,1.6,1.5,3.1,0.087,-0.9,0.2,-0.7,0.5,2025,3,0,0,0,0,0,0,0,0,4310280,10693805,0,6383525,6383525
434.0,Olivier-Maxence Prosper,22.0,DAL,PF,52.0,4.0,11.2,1.3,3.3,0.402,0.2,1.0,0.235,1.1,2.4,0.472,0.437,0.9,1.5,0.645,0.8,1.6,2.4,0.8,0.5,0.1,0.3,0.5,3.9,,12.6,0.484,0.293,0.437,8.4,15.0,11.8,9.1,2.2,0.9,6.3,16.3,0.3,0.5,0.9,0.072,-1.6,-0.5,-2.1,0.0,2025,2,0,0,0,0,0,0,0,0,2870400,5877480,0,3007080,3007080
119.0,Onyeka Okongwu,24.0,ATL,C,74.0,40.0,27.9,5.2,9.2,0.567,0.6,2.0,0.324,4.6,7.2,0.634,0.602,2.2,2.9,0.759,3.0,5.9,8.9,2.3,0.9,0.9,1.2,2.6,13.4,,19.0,0.634,0.216,0.316,11.4,24.0,17.5,11.4,1.6,3.0,10.4,17.3,4.9,2.3,7.2,0.168,1.2,0.2,1.3,1.7,2025,5,0,0,0,0,0,0,0,0,14000000,62000000,0,15000000,48000000
415.0,Oso Ighodaro,22.0,PHO,PF,61.0,6.0,17.1,1.9,3.1,0.604,0.0,0.0,0.0,1.9,3.0,0.611,0.604,0.5,0.8,0.58,1.1,2.6,3.6,1.2,0.5,0.5,0.6,1.7,4.2,,11.1,0.61,0.011,0.267,7.2,16.2,11.9,9.1,1.3,2.6,15.7,10.5,1.1,0.6,1.6,0.075,-2.9,0.3,-2.6,-0.2,2025,1,0,0,0,0,0,0,0,0,1157153,3112530,0,1955377,1955377
438.0,Ousmane Dieng,21.0,OKC,C,37.0,1.0,10.9,1.5,3.4,0.432,0.6,1.9,0.324,0.8,1.5,0.574,0.524,0.3,0.4,0.688,0.5,1.7,2.2,0.8,0.5,0.2,0.5,0.9,3.8,,11.5,0.538,0.568,0.128,4.9,16.3,10.7,9.6,2.0,1.7,12.0,15.7,0.1,0.7,0.9,0.104,-2.0,1.1,-0.9,0.1,2025,3,0,0,0,0,0,0,0,0,5027040,11697922,0,6670882,6670882
470.0,P.J. Tucker,39.0,NYK,SF,3.0,1.0,19.3,1.0,2.3,0.429,1.0,2.0,0.5,0.0,0.3,0.0,0.643,0.0,0.0,,1.3,1.3,2.7,0.0,0.3,0.3,0.3,2.7,3.0,,5.5,0.643,0.857,0.0,8.0,7.8,7.9,0.0,0.9,1.6,12.5,6.0,0.0,0.0,0.1,0.07,-4.8,-2.4,-7.2,-0.1,2025,19,0,0,0,0,0,0,0,0,11539000,11539000,1,3468960,0
99.0,P.J. Washington,26.0,DAL,PF,57.0,56.0,32.2,5.3,11.7,0.453,1.6,4.2,0.381,3.7,7.5,0.493,0.521,2.5,3.5,0.722,1.4,6.3,7.8,2.3,1.1,1.1,2.1,2.3,14.7,,14.0,0.556,0.359,0.298,5.0,20.9,13.1,10.1,1.7,2.8,13.6,20.4,0.3,2.1,2.4,0.062,-1.1,0.2,-0.9,0.5,2025,6,0,0,0,0,0,0,0,0,15500000,29652174,0,14152174,14152174
516.0,Pacome Dadiet,19.0,NYK,SG,18.0,0.0,6.2,0.6,1.7,0.323,0.3,1.1,0.316,0.2,0.7,0.333,0.419,0.2,0.3,0.667,0.2,0.8,1.0,0.3,0.2,0.1,0.2,0.4,1.7,,6.3,0.446,0.613,0.194,3.1,15.4,9.3,5.6,1.3,1.7,10.6,14.7,-0.1,0.1,0.0,0.002,-4.9,-1.5,-6.5,-0.1,2025,1,0,0,0,0,0,0,0,0,1808080,4655680,0,2847600,2847600
11.0,Paolo Banchero,22.0,ORL,PF,46.0,46.0,34.4,9.0,19.8,0.452,1.9,5.9,0.32,7.1,13.9,0.509,0.5,6.1,8.4,0.727,1.1,6.4,7.5,4.8,0.8,0.6,3.0,2.1,25.9,,20.0,0.551,0.299,0.423,3.5,22.4,12.5,26.0,1.1,1.7,11.2,33.6,1.1,2.4,3.5,0.106,3.4,0.2,3.5,2.2,2025,3,0,0,0,0,0,0,0,0,12160800,27495569,0,15334769,15334769
50.0,Pascal Siakam,30.0,IND,PF,78.0,78.0,32.7,7.9,15.2,0.519,1.6,4.2,0.389,6.2,11.0,0.568,0.572,2.9,3.9,0.734,1.7,5.2,6.9,3.4,0.9,0.5,1.4,2.4,20.2,AS,19.2,0.599,0.274,0.261,5.9,17.6,11.8,15.7,1.3,1.5,7.6,24.2,5.0,2.5,7.5,0.142,2.2,-0.5,1.7,2.4,2025,9,1,1,0,0,0,0,0,0,42176400,188950272,0,45550512,146773872
370.0,Pat Connaughton,32.0,MIL,SG,41.0,1.0,14.7,2.0,4.3,0.469,0.6,2.0,0.321,1.4,2.3,0.594,0.542,0.6,0.8,0.774,0.5,2.2,2.7,1.7,0.2,0.3,0.6,1.1,5.3,,12.1,0.567,0.458,0.175,3.6,15.6,9.8,15.8,0.7,1.7,11.2,15.6,0.6,0.6,1.2,0.093,-1.4,-0.8,-2.3,0.0,2025,10,0,0,0,0,0,0,0,0,9423869,9423869,0,9423869,9423869
228.0,Patrick Williams,23.0,CHI,PF,63.0,36.0,25.0,3.3,8.2,0.397,1.5,4.3,0.353,1.7,3.9,0.447,0.49,1.0,1.3,0.723,0.7,3.1,3.8,2.0,0.8,0.5,1.4,1.4,9.0,,9.0,0.512,0.527,0.161,2.9,12.7,7.9,10.3,1.4,1.8,13.5,16.9,-0.9,1.3,0.4,0.012,-3.0,-0.7,-3.7,-0.7,2025,5,0,0,0,0,0,0,0,0,18000000,72000000,0,18000000,54000000
86.0,Paul George,34.0,PHI,PF,41.0,41.0,32.5,6.0,13.9,0.43,2.3,6.5,0.358,3.6,7.4,0.493,0.514,1.9,2.4,0.814,0.6,4.8,5.3,4.3,1.8,0.5,2.6,2.5,16.2,,14.5,0.543,0.47,0.17,2.0,17.2,9.3,20.9,2.8,1.5,14.7,23.5,-0.2,1.2,1.0,0.036,-0.5,0.1,-0.4,0.5,2025,15,0,0,0,0,0,0,0,0,49205800,154998270,0,51666090,105792470
106.0,Payton Pritchard,27.0,BOS,PG,80.0,3.0,28.4,5.1,10.8,0.472,3.2,7.8,0.407,1.9,3.0,0.642,0.62,0.9,1.1,0.845,1.3,2.6,3.8,3.5,0.9,0.2,1.0,1.5,14.3,6MOY-1,17.6,0.633,0.723,0.097,4.9,9.8,7.3,18.1,1.5,0.6,8.4,19.0,6.1,2.5,8.6,0.183,3.4,0.2,3.5,3.2,2025,5,1,0,1,0,0,0,0,0,6696429,30000000,0,7232143,23303571
392.0,Pelle Larsson,23.0,MIA,SG,55.0,8.0,14.2,1.6,3.7,0.438,0.6,1.7,0.337,1.0,2.0,0.528,0.517,0.7,1.1,0.672,0.5,1.2,1.7,1.2,0.6,0.1,0.4,1.7,4.6,,10.2,0.546,0.468,0.3,4.0,9.0,6.5,11.6,2.0,0.9,9.5,14.4,0.6,0.8,1.4,0.086,-3.8,0.7,-3.1,-0.2,2025,1,0,0,0,0,0,0,0,0,1157153,1157153,0,1955377,0
263.0,Peyton Watson,22.0,DEN,SF,68.0,18.0,24.4,3.0,6.3,0.477,0.7,2.0,0.353,2.3,4.3,0.534,0.533,1.4,2.0,0.693,0.7,2.7,3.4,1.4,0.7,1.4,0.8,1.8,8.1,,11.4,0.564,0.318,0.32,3.3,11.8,7.7,7.0,1.4,5.0,10.3,13.9,1.0,1.5,2.5,0.073,-2.1,0.3,-1.8,0.1,2025,3,0,0,0,0,0,0,0,0,2413560,6770036,0,4356476,4356476
262.0,Quinten Post,24.0,GSW,PF,42.0,14.0,16.3,2.9,6.5,0.449,1.7,4.3,0.408,1.2,2.3,0.526,0.582,0.5,0.6,0.778,0.8,2.7,3.5,1.3,0.4,0.4,0.8,2.0,8.1,,14.2,0.595,0.653,0.099,5.3,18.3,11.6,12.2,1.1,2.5,10.3,19.6,0.8,0.9,1.7,0.116,0.1,0.0,0.1,0.4,2025,1,0,0,0,0,0,0,0,0,438920,438920,0,1955377,1955377
41.0,RJ Barrett,24.0,TOR,SF,58.0,58.0,32.2,7.9,16.9,0.468,1.8,5.3,0.35,6.1,11.7,0.522,0.523,3.4,5.4,0.63,1.1,5.3,6.3,5.4,0.8,0.3,2.8,2.4,21.1,,16.5,0.547,0.312,0.317,3.4,17.9,10.5,27.3,1.2,0.9,12.9,28.7,0.6,1.7,2.4,0.061,1.2,-0.7,0.6,1.2,2025,6,0,0,0,0,0,0,0,0,25794643,83116071,0,27705357,57321428
469.0,Rayan Rupert,20.0,POR,SG,52.0,0.0,8.8,1.1,2.7,0.408,0.3,1.1,0.271,0.8,1.6,0.506,0.465,0.4,0.6,0.767,0.5,0.8,1.3,0.5,0.3,0.1,0.6,0.7,3.0,,8.1,0.499,0.415,0.211,6.0,10.6,8.2,7.6,1.7,0.8,16.2,16.8,-0.3,0.4,0.1,0.007,-4.1,-0.6,-4.7,-0.3,2025,2,0,0,0,0,0,0,0,0,1891857,1891857,0,2221677,2221677
404.0,Reed Sheppard,20.0,HOU,PG,52.0,3.0,12.6,1.6,4.6,0.351,0.9,2.7,0.338,0.7,1.9,0.371,0.452,0.3,0.3,0.813,0.3,1.2,1.5,1.4,0.7,0.3,0.7,1.0,4.4,,9.7,0.465,0.594,0.067,2.6,10.3,6.4,15.2,2.6,2.3,13.1,17.8,-0.3,1.0,0.8,0.055,-3.0,1.3,-1.7,0.1,2025,1,0,0,0,0,0,0,0,0,10098960,20702520,0,10603560,10603560
281.0,Ricky Council IV,23.0,PHI,SF,73.0,12.0,17.1,2.4,6.3,0.382,0.8,2.9,0.258,1.7,3.4,0.488,0.442,1.7,2.1,0.804,0.7,2.2,2.9,1.3,0.4,0.2,0.7,0.9,7.3,,11.6,0.502,0.46,0.33,4.4,15.4,9.7,11.4,1.3,1.0,8.9,20.3,0.1,0.5,0.6,0.023,-2.0,-2.3,-4.3,-0.7,2025,2,0,0,0,0,0,0,0,0,1891857,4113534,0,2221677,2221677
395.0,Rob Dillingham,20.0,MIN,PG,49.0,1.0,10.5,1.9,4.3,0.441,0.5,1.5,0.338,1.4,2.8,0.496,0.5,0.2,0.3,0.533,0.2,0.8,1.0,2.0,0.4,0.0,1.1,0.8,4.5,,10.2,0.503,0.351,0.071,2.6,8.0,5.4,28.4,1.9,0.2,19.6,22.7,-0.4,0.6,0.1,0.012,-3.3,-0.9,-4.2,-0.3,2025,1,0,0,0,0,0,0,0,0,6262920,12839040,0,6576120,6576120
357.0,Robert Williams,27.0,POR,C,20.0,3.0,17.6,2.5,3.9,0.641,0.1,0.2,0.333,2.5,3.8,0.653,0.647,0.8,0.9,0.882,1.8,4.2,5.9,1.1,0.7,1.7,0.9,1.6,5.8,,18.9,0.679,0.038,0.218,10.5,26.3,18.2,8.6,1.8,8.5,16.6,12.2,0.6,0.7,1.3,0.175,-0.1,3.2,3.0,0.4,2025,7,0,0,0,0,0,0,0,0,12428571,25714284,0,13285713,13285713
328.0,Ron Holland,19.0,DET,SF,81.0,2.0,15.6,2.4,5.1,0.474,0.4,1.9,0.238,2.0,3.3,0.608,0.517,1.1,1.5,0.754,0.5,2.2,2.7,1.0,0.6,0.2,0.9,1.7,6.4,,11.1,0.556,0.363,0.293,3.5,15.5,9.5,8.9,1.9,1.3,13.3,18.1,0.2,1.5,1.8,0.067,-3.3,0.3,-3.0,-0.3,2025,1,0,0,0,0,0,0,0,0,8245320,16902600,0,8657280,8657280
221.0,Royce O'Neale,31.0,PHO,SF,75.0,22.0,24.5,3.2,7.6,0.423,2.4,5.9,0.406,0.8,1.7,0.481,0.58,0.3,0.3,0.731,0.7,3.9,4.7,2.2,0.9,0.5,0.9,2.0,9.1,,12.6,0.585,0.774,0.046,3.3,17.5,10.6,12.3,1.8,1.7,10.1,15.5,1.6,1.2,2.8,0.073,0.2,-0.1,0.1,1.0,2025,8,0,0,0,0,0,0,0,0,9375000,42000000,0,10125000,32625000
145.0,Rudy Gobert,32.0,MIN,C,72.0,72.0,33.2,4.7,7.1,0.669,0.0,0.0,,4.7,7.1,0.669,0.669,2.6,3.8,0.674,3.7,7.2,10.9,1.8,0.8,1.4,1.2,2.5,12.0,"DPOY-13,DEF2",18.3,0.687,0.0,0.535,12.5,23.8,18.2,7.5,1.2,4.1,12.4,13.0,6.1,4.0,10.1,0.204,0.6,1.3,1.9,2.4,2025,12,2,0,0,0,0,0,0,1,43827586,115327586,0,35000000,71500000
123.0,Rui Hachimura,26.0,LAL,PF,59.0,57.0,31.7,5.0,9.8,0.509,1.7,4.2,0.413,3.2,5.6,0.581,0.597,1.5,1.9,0.77,1.3,3.7,5.0,1.4,0.8,0.4,0.8,1.8,13.1,,13.6,0.619,0.429,0.196,4.9,12.6,8.9,6.4,1.2,1.3,7.3,15.8,2.8,1.5,4.3,0.11,-0.1,-0.6,-0.7,0.6,2025,6,0,0,0,0,0,0,0,0,17000000,35259259,0,18259259,18259259
120.0,Russell Westbrook,36.0,DEN,PG,75.0,36.0,27.9,5.0,11.1,0.449,1.3,3.9,0.323,3.7,7.2,0.517,0.505,2.1,3.1,0.661,1.4,3.6,4.9,6.1,1.4,0.5,3.2,2.5,13.3,6MOY-7,14.3,0.532,0.35,0.28,5.6,13.4,9.7,28.8,2.4,1.6,20.6,23.8,-0.1,2.1,1.9,0.045,-0.9,-0.2,-1.1,0.5,2025,17,1,0,0,0,0,0,0,0,5631296,3303771,0,3468960,0
120.0,Russell Westbrook,36.0,DEN,PG,75.0,36.0,27.9,5.0,11.1,0.449,1.3,3.9,0.323,3.7,7.2,0.517,0.505,2.1,3.1,0.661,1.4,3.6,4.9,6.1,1.4,0.5,3.2,2.5,13.3,6MOY-7,14.3,0.532,0.35,0.28,5.6,13.4,9.7,28.8,2.4,1.6,20.6,23.8,-0.1,2.1,1.9,0.045,-0.9,-0.2,-1.1,0.5,2025,17,1,0,0,0,0,0,0,0,5631296,2327525,0,3468960,0
302.0,Ryan Dunn,22.0,PHO,SF,74.0,44.0,19.1,2.8,6.4,0.43,1.1,3.6,0.311,1.7,2.9,0.577,0.516,0.3,0.5,0.487,1.2,2.4,3.6,0.8,0.6,0.5,0.5,2.2,6.9,,10.7,0.517,0.553,0.082,7.5,13.5,10.6,5.7,1.5,2.7,7.5,16.7,0.2,0.7,1.0,0.034,-2.9,-1.2,-4.1,-0.7,2025,1,0,0,0,0,0,0,0,0,2530800,5188560,0,2657760,2657760
249.0,Sam Hauser,27.0,BOS,PF,71.0,19.0,21.7,3.0,6.7,0.451,2.3,5.6,0.416,0.7,1.1,0.64,0.627,0.2,0.2,1.0,0.6,2.5,3.2,0.9,0.6,0.2,0.3,1.2,8.5,,12.8,0.632,0.842,0.023,3.1,12.7,7.9,5.8,1.3,0.8,4.6,14.3,2.6,1.8,4.4,0.136,0.9,-0.1,0.8,1.1,2025,4,0,0,0,0,0,0,0,0,2092344,47092344,0,10044644,45000000
128.0,Scoot Henderson,20.0,POR,PG,66.0,10.0,26.7,4.3,10.4,0.419,1.6,4.5,0.354,2.8,5.9,0.469,0.496,2.4,3.1,0.767,0.8,2.2,3.0,5.1,1.0,0.2,2.7,2.7,12.7,,12.5,0.54,0.434,0.301,3.1,9.2,6.1,28.1,1.9,0.7,18.6,22.5,0.4,1.4,1.8,0.049,-1.4,-0.8,-2.2,-0.1,2025,2,0,0,0,0,0,0,0,0,10259160,21007200,0,10748040,10748040
52.0,Scottie Barnes,23.0,TOR,PF,65.0,65.0,32.8,7.3,16.4,0.446,1.2,4.3,0.271,6.1,12.0,0.508,0.482,3.5,4.6,0.755,1.7,6.0,7.7,5.8,1.4,1.0,2.8,1.7,19.3,,17.8,0.523,0.263,0.284,5.3,20.2,12.6,27.7,2.1,2.8,13.4,27.0,0.6,2.9,3.5,0.078,1.5,0.9,2.4,2.3,2025,4,0,0,0,0,0,0,0,0,10130980,234369130,0,38661750,224238150
196.0,Scotty Pippen Jr.,24.0,MEM,PG,79.0,21.0,21.3,3.6,7.5,0.48,1.1,2.8,0.397,2.5,4.7,0.528,0.553,1.5,2.2,0.713,0.8,2.5,3.3,4.4,1.3,0.4,1.7,2.6,9.9,,15.8,0.582,0.369,0.288,4.1,12.1,8.1,27.1,2.8,1.6,17.1,19.3,2.4,2.3,4.7,0.133,0.0,1.8,1.9,1.7,2025,3,0,0,0,0,0,0,0,0,2087519,4358254,0,2270735,2270735
64.0,Shaedon Sharpe,21.0,POR,SG,72.0,52.0,31.3,6.9,15.3,0.452,2.0,6.6,0.311,4.9,8.8,0.557,0.519,2.6,3.4,0.785,0.9,3.6,4.5,2.8,0.9,0.2,2.1,1.7,18.5,,14.5,0.551,0.428,0.219,3.2,12.7,7.8,14.2,1.3,0.6,11.0,25.1,1.3,1.7,3.0,0.064,0.0,-1.3,-1.3,0.4,2025,3,0,0,0,0,0,0,0,0,6614160,15014143,0,8399983,8399983
1.0,Shai Gilgeous-Alexander,26.0,OKC,PG,76.0,76.0,34.2,11.3,21.8,0.519,2.1,5.7,0.375,9.2,16.1,0.571,0.569,7.9,8.8,0.898,0.9,4.1,5.0,6.4,1.7,1.0,2.4,2.2,32.7,"MVP-1,DPOY-10,CPOY-8,AS,NBA1",30.7,0.637,0.263,0.404,2.8,12.6,7.8,31.3,2.4,3.0,8.6,34.8,11.9,4.8,16.7,0.309,8.9,2.6,11.5,8.9,2025,7,5,1,1,1,0,0,0,0,35859950,114999150,0,38333050,79139200
362.0,Shake Milton,28.0,LAL,SG,57.0,2.0,14.7,2.0,4.5,0.453,0.7,1.9,0.358,1.4,2.6,0.52,0.528,0.8,1.0,0.797,0.5,1.3,1.8,1.8,0.4,0.1,0.7,1.2,5.5,,11.9,0.563,0.417,0.232,4.2,9.9,7.0,18.3,1.5,0.5,12.5,16.7,0.8,0.5,1.3,0.077,-1.7,-0.5,-2.2,0.0,2025,7,0,0,0,0,0,0,0,0,2875000,9162406,0,3000000,6287406
350.0,Simone Fontecchio,29.0,DET,SF,75.0,0.0,16.5,2.0,5.0,0.402,1.0,3.0,0.335,1.0,1.9,0.507,0.504,0.9,1.1,0.833,0.7,2.2,2.9,0.9,0.4,0.2,0.7,1.3,5.9,,9.7,0.544,0.609,0.225,4.7,14.5,9.6,6.9,1.2,0.9,11.6,15.8,0.4,1.2,1.6,0.063,-2.2,-0.7,-2.9,-0.3,2025,3,0,0,0,0,0,0,0,0,7692308,16000000,0,8307692,8307692
18.0,Stephen Curry,36.0,GSW,PG,70.0,70.0,32.2,8.1,18.0,0.448,4.4,11.2,0.397,3.6,6.8,0.534,0.572,4.0,4.3,0.933,0.6,3.9,4.4,6.0,1.1,0.4,2.9,1.4,24.5,"MVP-9,CPOY-5,AS,NBA2",21.5,0.618,0.623,0.238,1.9,13.3,7.4,31.3,1.7,1.3,12.6,29.8,5.2,2.7,7.9,0.168,6.4,0.0,6.3,4.8,2025,16,4,1,0,0,1,0,0,0,55761216,177955191,0,59606817,122193975
97.0,Stephon Castle,20.0,SAS,SG,81.0,47.0,26.7,5.2,12.2,0.428,1.2,4.1,0.285,4.0,8.1,0.501,0.476,3.1,4.2,0.724,1.1,2.6,3.7,4.1,0.9,0.3,2.2,2.0,14.7,ROY-1,13.7,0.522,0.337,0.348,4.4,10.3,7.4,22.8,1.7,0.9,13.4,26.0,0.1,1.0,1.1,0.025,-1.5,-1.7,-3.2,-0.6,2025,1,1,0,1,0,0,0,0,0,9105120,18665640,0,9560520,9560520
234.0,Svi Mykhailiuk,27.0,UTA,SF,38.0,13.0,20.0,3.1,7.9,0.391,1.8,5.3,0.345,1.3,2.6,0.485,0.507,0.7,0.9,0.8,0.6,1.8,2.4,2.0,0.5,0.2,1.4,1.1,8.8,,9.8,0.526,0.672,0.116,3.1,9.6,6.4,14.7,1.2,0.9,14.1,20.3,-0.2,0.1,-0.1,-0.009,-1.4,-2.1,-3.5,-0.3,2025,7,0,0,0,0,0,0,0,0,3500000,3500000,0,3675000,0
219.0,T.J. McConnell,32.0,IND,PG,79.0,1.0,17.9,4.1,7.9,0.519,0.2,0.6,0.306,3.9,7.3,0.537,0.531,0.7,1.0,0.74,0.6,1.9,2.4,4.4,1.1,0.3,1.4,1.0,9.1,,18.4,0.547,0.079,0.123,3.5,11.6,7.6,37.0,2.8,1.3,14.2,23.4,1.5,1.7,3.2,0.109,0.6,0.6,1.2,1.2,2025,10,0,0,0,0,0,0,0,0,9300000,42300000,0,10200000,33000000
144.0,Tari Eason,23.0,HOU,PF,57.0,16.0,24.9,4.8,9.8,0.487,1.1,3.2,0.342,3.7,6.6,0.557,0.543,1.4,1.8,0.76,2.2,4.1,6.4,1.5,1.7,0.9,1.1,2.4,12.0,,18.5,0.567,0.329,0.186,9.4,17.9,13.6,8.5,3.3,3.2,9.7,19.4,2.1,2.9,5.0,0.169,1.0,2.6,3.6,2.0,2025,3,0,0,0,0,0,0,0,0,3695160,9370926,0,5675766,5675766
389.0,Taylor Hendricks,21.0,UTA,PF,3.0,3.0,25.0,1.3,6.0,0.222,1.0,4.0,0.25,0.3,2.0,0.167,0.306,1.0,1.3,0.75,1.7,3.3,5.0,0.7,1.7,1.3,0.7,2.7,4.7,,7.1,0.354,0.667,0.222,7.2,14.3,10.8,3.4,3.2,5.0,9.2,12.1,-0.1,0.1,0.0,-0.008,-4.8,1.3,-3.5,0.0,2025,2,0,0,0,0,0,0,0,0,5848680,11975760,0,6127080,6127080
269.0,Terance Mann,28.0,ATL,SG,67.0,13.0,21.1,3.1,6.2,0.496,0.9,2.4,0.368,2.2,3.7,0.58,0.569,0.7,1.0,0.691,1.0,2.0,3.0,1.8,0.7,0.2,0.7,1.9,7.7,,12.0,0.584,0.395,0.165,5.3,10.4,7.8,11.7,1.6,1.0,9.6,14.7,1.7,1.3,3.0,0.101,-1.4,0.0,-1.3,0.2,2025,6,0,0,0,0,0,0,0,0,11423077,58423077,0,15500000,47000000
409.0,Terrence Shannon Jr.,24.0,MIN,SG,32.0,1.0,10.6,1.7,3.6,0.482,0.3,1.0,0.355,1.4,2.6,0.53,0.531,0.5,0.7,0.81,0.3,1.2,1.5,1.0,0.2,0.2,0.5,0.8,4.3,,11.9,0.56,0.272,0.184,3.3,11.9,7.7,13.8,1.0,1.4,10.9,17.7,0.3,0.4,0.6,0.091,-2.1,0.0,-2.1,0.0,2025,1,0,0,0,0,0,0,0,0,2546640,5220720,0,2674080,2674080
171.0,Terry Rozier,30.0,MIA,PG,64.0,23.0,25.9,3.9,9.9,0.391,1.4,4.8,0.295,2.5,5.1,0.48,0.462,1.4,1.7,0.852,0.7,3.0,3.7,2.6,0.6,0.2,1.2,1.1,10.6,,10.5,0.497,0.485,0.17,3.0,12.8,7.9,14.8,1.1,0.8,10.3,20.4,-0.5,1.5,1.0,0.029,-2.6,-1.0,-3.7,-0.7,2025,10,0,0,0,0,0,0,0,0,24924126,51567157,0,26643031,26643031
352.0,Tidjane Salaün,19.0,CHO,PF,60.0,10.0,20.7,1.9,5.8,0.33,1.0,3.4,0.283,0.9,2.3,0.4,0.414,1.1,1.6,0.713,1.2,3.5,4.7,1.2,0.5,0.2,1.0,1.4,5.9,,7.7,0.457,0.594,0.272,5.9,18.4,12.0,8.5,1.1,1.1,13.1,15.2,-0.9,0.9,0.0,0.002,-4.3,-0.8,-5.2,-1.0,2025,1,0,0,0,0,0,0,0,0,7488720,15351960,0,7863240,7863240
116.0,Tobias Harris,32.0,DET,PF,73.0,73.0,31.6,5.3,11.0,0.477,1.2,3.6,0.345,4.0,7.4,0.542,0.534,2.0,2.3,0.861,0.9,5.0,5.9,2.2,1.0,0.8,1.2,1.9,13.7,,13.9,0.571,0.328,0.206,3.1,17.5,10.4,9.8,1.5,2.4,8.8,17.6,2.3,2.9,5.2,0.108,-0.5,0.6,0.1,1.2,2025,14,0,0,0,0,0,0,0,0,25365854,52000000,0,26634146,26634146
154.0,Toumani Camara,24.0,POR,PF,78.0,78.0,32.7,4.2,9.2,0.458,1.7,4.6,0.375,2.5,4.6,0.542,0.552,1.2,1.6,0.722,2.2,3.6,5.8,2.2,1.5,0.6,1.4,2.9,11.3,"DPOY-9,DEF2",12.5,0.572,0.503,0.176,7.2,12.1,9.6,9.6,2.2,1.8,12.4,14.4,2.5,2.6,5.2,0.097,-0.9,0.8,-0.1,1.2,2025,2,2,0,0,0,0,0,0,1,1891857,1891857,0,2221677,0
23.0,Trae Young,26.0,ATL,PG,76.0,76.0,36.0,7.4,18.1,0.411,2.9,8.4,0.34,4.6,9.7,0.474,0.491,6.5,7.4,0.875,0.5,2.6,3.1,11.6,1.2,0.2,4.7,1.9,24.2,"CPOY-4,AS",18.3,0.567,0.467,0.408,1.4,8.2,4.7,46.4,1.6,0.4,17.9,29.6,4.4,1.3,5.7,0.1,3.3,-2.7,0.5,1.7,2025,7,2,1,0,0,0,0,0,0,43031940,89031600,0,45999660,45999660
315.0,Trayce Jackson-Davis,24.0,GSW,C,62.0,37.0,15.6,2.8,4.9,0.576,0.0,0.0,0.0,2.8,4.8,0.582,0.576,1.0,1.6,0.578,2.0,3.0,5.0,1.7,0.4,0.6,0.7,1.2,6.6,,18.5,0.587,0.01,0.338,13.2,21.7,17.3,16.1,1.2,3.7,11.5,17.1,1.9,1.4,3.4,0.167,0.3,0.9,1.2,0.8,2025,2,0,0,0,0,0,0,0,0,1891857,1891857,0,2221677,0
40.0,Trey Murphy III,24.0,NOP,SF,53.0,51.0,35.0,7.2,15.8,0.454,3.0,8.3,0.361,4.2,7.6,0.556,0.548,3.8,4.3,0.887,0.9,4.2,5.1,3.5,1.1,0.7,1.9,2.1,21.2,,17.3,0.598,0.522,0.274,2.7,13.2,7.8,15.9,1.5,2.0,9.9,23.7,3.0,0.5,3.5,0.091,2.1,-1.4,0.8,1.3,2025,4,0,0,0,0,0,0,0,0,5159854,117159854,0,25000000,112000000
285.0,Tristan Da Silva,23.0,ORL,SF,74.0,38.0,22.0,2.7,6.5,0.412,1.1,3.2,0.335,1.6,3.3,0.488,0.495,0.7,0.9,0.873,1.0,2.3,3.3,1.5,0.4,0.2,0.8,1.3,7.2,,9.9,0.522,0.495,0.13,4.9,12.7,8.6,10.3,1.0,1.1,9.9,15.2,0.5,1.9,2.5,0.073,-2.3,-0.3,-2.6,-0.3,2025,1,0,0,0,0,0,0,0,0,3628440,7437960,0,3809520,3809520
26.0,Tyler Herro,25.0,MIA,SG,77.0,77.0,35.4,8.5,17.9,0.472,3.3,8.7,0.375,5.2,9.2,0.565,0.563,3.7,4.2,0.878,0.5,4.7,5.2,5.5,0.9,0.2,2.6,1.1,23.9,AS,19.7,0.605,0.486,0.237,1.4,14.6,8.1,26.2,1.3,0.6,11.5,28.0,4.7,2.7,7.4,0.131,3.8,-0.7,3.1,3.5,2025,6,1,1,0,0,0,0,0,0,29000000,93000000,0,31000000,64000000
504.0,Tyler Kolek,23.0,NYK,PG,41.0,0.0,7.2,0.7,2.0,0.329,0.3,1.1,0.298,0.3,0.9,0.371,0.415,0.3,0.4,0.765,0.2,0.5,0.7,1.7,0.3,0.1,0.4,0.6,2.0,,10.3,0.453,0.573,0.207,3.1,7.3,5.2,29.5,2.0,1.3,16.7,15.8,0.1,0.3,0.4,0.058,-2.6,-0.3,-2.8,-0.1,2025,1,0,0,0,0,0,0,0,0,2087519,6575687,0,2191897,4488168
474.0,Tyler Smith,20.0,MIL,PF,23.0,0.0,5.3,1.0,2.2,0.48,0.6,1.3,0.433,0.5,0.9,0.55,0.61,0.3,0.3,0.75,0.3,0.8,1.1,0.2,0.1,0.2,0.3,0.5,2.9,,15.2,0.626,0.6,0.16,5.6,16.3,11.1,4.9,1.2,3.1,13.0,22.1,0.1,0.1,0.2,0.083,0.4,-1.2,-0.9,0.0,2025,1,0,0,0,0,0,0,0,0,1157153,5408801,0,1955377,4251648
62.0,Tyrese Haliburton,24.0,IND,PG,73.0,73.0,33.6,6.5,13.8,0.473,3.0,7.7,0.388,3.5,6.1,0.581,0.582,2.6,3.0,0.851,0.6,3.0,3.5,9.2,1.4,0.7,1.6,1.3,18.6,NBA3,21.8,0.616,0.559,0.221,1.9,9.7,5.9,38.9,2.1,1.8,9.8,21.6,8.1,2.3,10.4,0.204,5.7,0.2,5.8,4.9,2025,5,1,0,0,0,0,1,0,0,42176400,244623120,0,45550512,202446720
8.0,Tyrese Maxey,24.0,PHI,PG,52.0,52.0,37.7,9.2,21.0,0.437,3.1,9.2,0.337,6.1,11.8,0.515,0.511,4.9,5.6,0.879,0.3,3.1,3.3,6.1,1.8,0.4,2.4,2.2,26.3,CPOY-10,19.5,0.562,0.438,0.265,0.8,9.6,5.0,28.0,2.3,1.1,9.2,29.8,2.9,1.0,3.8,0.094,3.2,-1.1,2.0,2.0,2025,5,1,0,0,0,0,0,0,0,35147000,203852600,0,37958760,168705600
313.0,Vasilije Micić,31.0,PHO,PG,41.0,16.0,19.1,2.3,6.7,0.348,1.1,3.0,0.36,1.2,3.6,0.338,0.43,0.8,1.0,0.829,0.5,1.7,2.2,3.1,0.4,0.0,1.9,1.1,6.6,,6.5,0.462,0.458,0.15,2.7,9.6,6.0,24.3,0.9,0.0,20.9,19.9,-1.2,0.2,-1.0,-0.06,-4.6,-2.4,-7.0,-1.0,2025,2,0,0,0,0,0,0,0,0,7723000,7723000,0,8109150,8109150
21.0,Victor Wembanyama,21.0,SAS,C,46.0,46.0,33.2,8.9,18.6,0.476,3.1,8.8,0.352,5.8,9.9,0.586,0.559,3.4,4.1,0.836,1.8,9.2,11.0,3.7,1.1,3.8,3.2,2.3,24.3,AS,24.2,0.594,0.47,0.221,5.7,29.8,17.7,18.3,1.6,10.4,13.7,30.4,1.0,2.8,3.8,0.118,3.6,2.9,6.5,3.3,2025,2,1,1,0,0,0,0,0,0,12768960,26145840,0,13376880,13376880
317.0,Vince Williams Jr.,24.0,MEM,SG,27.0,5.0,18.5,2.5,6.2,0.401,1.0,3.5,0.274,1.5,2.7,0.569,0.479,0.7,0.9,0.792,0.8,2.8,3.6,2.0,0.4,0.3,1.2,1.7,6.6,,9.2,0.504,0.569,0.144,4.7,15.9,10.4,13.8,1.1,1.3,15.7,17.0,-0.1,0.5,0.4,0.04,-2.5,-0.3,-2.8,-0.1,2025,3,0,0,0,0,0,0,0,0,2120693,4422280,0,2301587,2301587
287.0,Vit Krejci,24.0,ATL,PG,57.0,16.0,20.2,2.5,5.1,0.497,1.6,3.6,0.437,1.0,1.5,0.64,0.651,0.6,0.8,0.711,0.4,2.4,2.7,2.6,0.6,0.5,0.9,1.8,7.2,,12.7,0.661,0.705,0.154,2.0,13.1,7.4,16.5,1.5,2.1,13.8,12.9,1.8,0.8,2.6,0.11,0.0,0.7,0.7,0.8,2025,4,0,0,0,0,0,0,0,0,2162606,2162606,0,2349578,0
158.0,Walker Kessler,23.0,UTA,C,58.0,58.0,30.0,4.8,7.2,0.663,0.1,0.6,0.176,4.7,6.6,0.706,0.671,1.4,2.6,0.52,4.6,7.6,12.2,1.7,0.6,2.4,1.5,2.2,11.1,,20.0,0.66,0.081,0.363,16.6,27.1,21.9,8.3,1.0,7.4,15.0,13.7,3.6,1.8,5.4,0.149,1.1,0.7,1.8,1.7,2025,3,0,0,0,0,0,0,0,0,2965920,7844858,0,4878938,4878938
215.0,Wendell Carter Jr.,25.0,ORL,C,68.0,51.0,25.9,3.3,7.2,0.46,0.5,2.3,0.234,2.8,4.9,0.568,0.498,1.9,2.6,0.737,2.2,5.0,7.2,2.0,0.8,0.6,1.1,2.9,9.1,,13.7,0.544,0.322,0.356,9.4,23.4,16.0,11.5,1.5,2.2,11.9,16.0,1.6,3.0,4.6,0.125,-2.2,0.9,-1.2,0.3,2025,7,0,0,0,0,0,0,0,0,11950000,60452160,0,10850000,48502160
544.0,Xavier Tillman Sr.,26.0,BOS,C,33.0,2.0,7.0,0.4,1.6,0.245,0.2,1.0,0.156,0.2,0.6,0.381,0.292,0.1,0.1,0.75,0.3,1.0,1.3,0.2,0.3,0.2,0.4,0.5,1.0,,2.4,0.31,0.604,0.075,4.7,15.5,10.1,3.8,2.4,2.0,20.4,13.1,-0.7,0.4,-0.3,-0.057,-8.4,0.3,-8.1,-0.4,2025,5,0,0,0,0,0,0,0,0,2237691,4784366,0,2546675,2546675
220.0,Yves Missi,20.0,NOP,C,73.0,67.0,26.8,3.7,6.7,0.547,0.0,0.0,0.0,3.7,6.7,0.548,0.547,1.7,2.8,0.623,3.5,4.7,8.2,1.4,0.5,1.3,1.1,2.0,9.1,,15.4,0.572,0.002,0.415,13.7,19.7,16.6,7.2,0.9,4.8,12.4,14.3,2.5,1.1,3.6,0.089,-1.6,-1.4,-3.0,-0.5,2025,1,0,0,0,0,0,0,0,0,3193200,6546240,0,3353040,3353040
131.0,Zaccharie Risacher,19.0,ATL,SF,75.0,73.0,24.6,4.8,10.4,0.458,1.6,4.6,0.355,3.1,5.8,0.54,0.537,1.4,2.0,0.711,1.1,2.4,3.6,1.2,0.7,0.5,1.2,2.0,12.6,ROY-2,12.2,0.558,0.442,0.191,5.0,11.1,8.0,7.1,1.3,1.8,9.8,20.9,0.6,1.1,1.8,0.046,-1.7,-1.8,-3.5,-0.7,2025,1,1,0,0,0,0,0,0,0,12569040,25766760,0,13197720,13197720
326.0,Zach Collins,27.0,CHI,PF,64.0,12.0,15.3,2.4,4.7,0.507,0.5,1.7,0.302,1.9,3.1,0.617,0.56,1.1,1.2,0.885,1.6,2.9,4.5,1.7,0.5,0.5,0.9,2.1,6.4,,16.0,0.605,0.351,0.258,11.1,19.9,15.6,15.6,1.4,2.6,15.1,17.1,1.7,1.0,2.7,0.132,-0.8,0.8,0.0,0.5,2025,8,0,0,0,0,0,0,0,0,16741200,34821696,0,18080496,18080496
214.0,Zach Edey,22.0,MEM,C,66.0,55.0,21.5,3.8,6.6,0.58,0.3,0.8,0.346,3.5,5.8,0.612,0.6,1.4,1.9,0.709,3.5,4.8,8.3,1.0,0.5,1.3,1.3,2.8,9.2,ROY-5,18.2,0.624,0.12,0.293,17.5,23.4,20.5,6.1,1.2,5.5,15.3,16.4,2.7,2.2,4.9,0.165,-0.2,0.1,-0.1,0.7,2025,1,1,0,0,0,0,0,0,0,5756880,11801880,0,6045000,6045000
29.0,Zach LaVine,29.0,SAC,SG,74.0,74.0,35.2,8.4,16.5,0.511,3.2,7.2,0.446,5.2,9.3,0.562,0.609,3.2,3.9,0.825,0.3,4.0,4.3,4.2,0.8,0.2,2.8,1.6,23.3,,17.3,0.639,0.438,0.233,0.9,12.0,6.5,18.3,1.1,0.4,13.4,25.3,3.7,1.4,5.1,0.094,2.3,-1.6,0.7,1.8,2025,11,0,0,0,0,0,0,0,0,44531940,92031600,0,47499660,47499660
462.0,Zeke Nnaji,24.0,DEN,PF,57.0,4.0,10.7,1.2,2.5,0.496,0.3,0.9,0.327,0.9,1.6,0.596,0.557,0.5,0.8,0.614,0.6,1.0,1.6,0.4,0.4,0.7,0.2,1.1,3.2,,12.0,0.574,0.369,0.312,6.3,9.8,8.1,4.6,2.0,5.6,8.0,12.2,0.6,0.6,1.2,0.097,-2.1,0.7,-1.3,0.1,2025,5,0,0,0,0,0,0,0,0,8888889,24533334,0,8177778,15644445
17.0,Zion Williamson,24.0,NOP,PF,30.0,30.0,28.6,9.6,16.9,0.567,0.1,0.4,0.231,9.5,16.5,0.576,0.57,5.3,8.0,0.656,2.5,4.7,7.2,5.3,1.2,0.9,3.0,2.7,24.6,,27.3,0.6,0.026,0.474,9.3,18.2,13.6,36.6,2.1,3.0,12.8,34.7,1.9,0.6,2.5,0.141,5.9,1.0,7.0,1.9,2025,6,0,0,0,0,0,0,0,0,36725670,163225200,0,39446090,126499530
